static const DWORD g_clothingHashes[] = {
	// Hats (0X851EBBD3) - 2431 items
	0x0016E12C,0x00483DA7,0x00498AA3,0x00566571,0x006296A9,
	0x00732098,0x00B3ADF5,0x00C500AE,0x00C59A1E,0x00DD9637,
	0x00EFBB4E,0x011A2AC2,0x011C5EE8,0x011FBAE5,0x012C87FA,
	0x012F02AD,0x013622C1,0x0190DD37,0x01AF21AF,0x01C28D80,
	0x01CFD9B0,0x01FCC6EC,0x020116A4,0x0226B31C,0x022A6B4B,
	0x023E9E17,0x0243B1A2,0x025CCE36,0x0269182B,0x027B3E0A,
	0x029B5F9E,0x02C95817,0x02E6575F,0x033CB60F,0x03677F5B,
	0x038156F9,0x0399822A,0x039AD074,0x039CA4E4,0x03B7E9E3,
	0x03C79373,0x03DFC2AF,0x040B9435,0x0480AC6C,0x0484BA76,
	0x04AFD7FE,0x04B0350C,0x04CF7400,0x04D14651,0x04E4E657,
	0x054442A0,0x054F7240,0x057934A7,0x058704E8,0x059D977A,
	0x05CCB5B0,0x05EA521D,0x05FC4F77,0x063B029B,0x064AF1E3,
	0x0667AB86,0x0693ABF1,0x06987796,0x06E86861,0x06F22202,
	0x070D14D0,0x0713484B,0x071C678C,0x0734C7D8,0x075B9A7A,
	0x07705AF7,0x0786B813,0x078EB328,0x07B232DF,0x07CCC770,
	0x07D8B71F,0x07F9C623,0x08112F7E,0x082D8E99,0x083998BD,
	0x086E862F,0x0883C274,0x08863B70,0x088B639B,0x08AF8F85,
	0x08B838A3,0x08C0D927,0x08E671A4,0x092A0F3E,0x092E078E,
	0x0957724B,0x09B69142,0x09BAB4EA,0x09BD4BA9,0x09E59C41,
	0x0A29D61A,0x0A5A0977,0x0A61DDCA,0x0A672EEB,0x0A83E445,
	0x0AAF9206,0x0ABEC24A,0x0B09E20E,0x0B167C07,0x0B4D6BE4,
	0x0B637376,0x0BA1EE93,0x0BC2E318,0x0BCC994B,0x0BE5128D,
	0x0BF0BB3C,0x0C23E6B0,0x0C3DAA19,0x0C64E73E,0x0C978766,
	0x0CD1A856,0x0CEC0F12,0x0CF61EC2,0x0CF89B9A,0x0CFB8948,
	0x0D02B39F,0x0D09F033,0x0D1F6A30,0x0D1FE960,0x0D28B409,
	0x0D80082F,0x0D94BD0A,0x0DDD13BE,0x0E1C1780,0x0E74E9EA,
	0x0E795CCC,0x0E87A71F,0x0E978CC8,0x0E9EE644,0x0EA04A5B,
	0x0EB73A08,0x0EBF63B6,0x0ED50AF2,0x0EEF39CE,0x0EF13467,
	0x0EF13F88,0x0F20EA13,0x0F2C40F1,0x0F44CE02,0x0F593C63,
	0x0FAEF56E,0x0FBA296F,0x0FD979C8,0x0FDCC334,0x10106532,
	0x10313E6B,0x1039D544,0x104B07BD,0x10513686,0x1053D06F,
	0x105C4C64,0x1085DB59,0x10A61A45,0x10D39AD8,0x11376561,
	0x1168422C,0x1186FEA9,0x118952A8,0x11C79B34,0x11CEF261,
	0x11D847BB,0x1209CCA1,0x1232638B,0x12457545,0x127D3EA6,
	0x12BD5208,0x132989D8,0x13351B64,0x1342B574,0x1361FA68,
	0x137A8AA5,0x1382A50B,0x13929FE4,0x139596D0,0x139F4F92,
	0x13DA976E,0x13DC24A2,0x14146197,0x144F60D5,0x146C035C,
	0x1481E304,0x14C8B388,0x14E5DC6E,0x152C2017,0x152DE37A,
	0x157BE952,0x158C36FC,0x15B79347,0x15E526C1,0x1632867A,
	0x16628DAF,0x166462F8,0x166C2B16,0x169C08D3,0x16A1F838,
	0x16B5B989,0x16DC2BDE,0x16F6772B,0x170E12E8,0x170F5551,
	0x17111C42,0x17130AB3,0x1746D236,0x1751D32F,0x175BCD3F,
	0x176D504F,0x1779A2F9,0x17812F51,0x1786D610,0x17882462,
	0x1796EC71,0x179FD431,0x17BE4D2E,0x17C53ECB,0x17C59C8F,
	0x17FF42D8,0x180A055D,0x180B24D9,0x1817CAC3,0x18244F12,
	0x1825C2C3,0x182F61CB,0x18672379,0x1868EAF6,0x1877B2A1,
	0x188CAEEE,0x189972F9,0x189C59DA,0x18A352EC,0x18B2CB1D,
	0x18BEFAB4,0x18D980F0,0x19161203,0x192C9F4A,0x195D88CF,
	0x198A0445,0x1992EAFC,0x19C81C39,0x19D05CA6,0x1A0DD628,
	0x1A1AE3AE,0x1A3601CF,0x1A549A9B,0x1A5D5DE9,0x1AF154A8,
	0x1AFA774C,0x1AFDD7DC,0x1B0DBAF1,0x1B0F520E,0x1B2C1945,
	0x1B861267,0x1B8C8FD9,0x1B92EF54,0x1BB94A14,0x1C1C4BE0,
	0x1C22614A,0x1C5E2855,0x1C8EEA58,0x1CA46277,0x1CDAB4FD,
	0x1CF23F7D,0x1CF2F6FC,0x1D286F3E,0x1D47E31D,0x1D55D130,
	0x1D5FD02D,0x1D6FD9CC,0x1D9EB600,0x1E1E9EB0,0x1E2E66C0,
	0x1E2FA8E7,0x1E3B9926,0x1E55237D,0x1E55488E,0x1EB9570C,
	0x1ED0E918,0x1F0C8FE0,0x1F2B78A4,0x1F3A2DC5,0x1F3EEA29,
	0x1F648DF6,0x1F6837C9,0x1F7E4495,0x1F8AB506,0x1F8FB7AF,
	0x1F8FCCFC,0x1F9FD3B9,0x1FAA5175,0x1FB1AC92,0x1FE651E5,
	0x1FEC9F6D,0x1FFE3800,0x20124C63,0x2049806C,0x204EA558,
	0x208B8617,0x20F2DFF4,0x210036FA,0x214188DB,0x215DEFD6,
	0x21716094,0x2172EB39,0x21A56497,0x21C75A0F,0x21D78CD7,
	0x21FC33B1,0x22005341,0x221867AB,0x22406352,0x22D04B41,
	0x22D95E01,0x22E443CE,0x22E6166F,0x23015012,0x2309ED81,
	0x23523A95,0x23553FDB,0x23582134,0x236CE091,0x23704DD9,
	0x23724BBA,0x23A6407D,0x23EF6BE9,0x240530B3,0x241996F6,
	0x2432E1FF,0x246622E1,0x2490B32C,0x24B9B664,0x24E95FB6,
	0x2542A345,0x2544F1BC,0x258FC019,0x2593883D,0x259642D1,
	0x25A11CAA,0x25A63242,0x25B2C9A3,0x25D3CBF6,0x25EF7B74,
	0x262CC9D4,0x26342E05,0x2634ED67,0x2634F870,0x263E7AE9,
	0x267E3453,0x2692F6D9,0x2696CCA0,0x26AE40AD,0x26AE7E92,
	0x26D91C81,0x26DF92D0,0x26FEB3EF,0x271C0AE6,0x276C5081,
	0x27715195,0x279BF986,0x2809B3FE,0x280C88BE,0x280CCEF5,
	0x280DB3A0,0x282B1C8A,0x283BB2EA,0x28487271,0x2852CB68,
	0x28654956,0x28734037,0x287672F9,0x289867B1,0x2899C66D,
	0x289FA753,0x28A8201F,0x28A86103,0x28E81327,0x2934B619,
	0x2947AF1C,0x295788CF,0x29793E6B,0x299477B4,0x29F3665E,
	0x29FA674D,0x2A09FCB5,0x2A20C170,0x2A49E90F,0x2A637ACE,
	0x2AA0AA7B,0x2ABF57E7,0x2ABFF436,0x2B0D9043,0x2B1D75E4,
	0x2B4EC3E5,0x2B894FAD,0x2B8D0F44,0x2BAF444F,0x2BD48725,
	0x2C079ECA,0x2C0EF1D5,0x2C563883,0x2C6ADFE7,0x2CAA7F69,
	0x2CB0DEF2,0x2CD04405,0x2CDBF79A,0x2CF0814E,0x2D052B3B,
	0x2D162959,0x2D207906,0x2D625B41,0x2D6E5EFE,0x2D78BDDE,
	0x2D82F6F5,0x2D8B0519,0x2D91813B,0x2DA316BA,0x2DA80B7A,
	0x2DA85925,0x2DC1EF25,0x2DCAF428,0x2DD9D1BF,0x2DDE7A0D,
	0x2DFB4831,0x2E263BE0,0x2E318DD3,0x2E3C6A55,0x2E49DBB7,
	0x2E4E7E11,0x2E4E9063,0x2E5E01BE,0x2E74CFDE,0x2E857B19,
	0x2E879A52,0x2ED73A5D,0x2EF013D7,0x2F09D95B,0x2F0AB768,
	0x2F2A7D41,0x2F37E7E3,0x2F49C8AF,0x2F6418EC,0x2F6763A4,
	0x2F739E0D,0x2F831CC5,0x2FC700D2,0x30058910,0x3018C11E,
	0x30222DA7,0x30300598,0x304BA83C,0x305C5CB3,0x3075DE0D,
	0x30B5E0DE,0x30BE16FE,0x30E95507,0x30F3677F,0x310000D1,
	0x31091318,0x3120DA45,0x31A7A75C,0x31AE48E7,0x31B8401F,
	0x31F0EFC5,0x31F6D100,0x31F7AF85,0x31FC5391,0x320F96C5,
	0x3247E1B1,0x3257C8A4,0x3283A672,0x3296ADD6,0x329EFD8C,
	0x32B80F05,0x32BCFB5D,0x32C2406F,0x32C2DB76,0x32E05F9A,
	0x32E8720F,0x32F39FF7,0x32F72C46,0x332B8D59,0x3343ED84,
	0x33481670,0x337A5D19,0x33CED5BD,0x33D11769,0x33E7B937,
	0x33F222CF,0x34025D56,0x3408B80E,0x341BFEBC,0x342B7753,
	0x3433389D,0x3434B473,0x344AFD22,0x34505E5F,0x34539605,
	0x3455F7EC,0x3467D658,0x348A203C,0x34A0F7F4,0x34A4191E,
	0x351C62D3,0x3523B90A,0x352B94BA,0x352EEFFE,0x353BBF58,
	0x3543E22C,0x35471F62,0x35772AC4,0x3596A3D2,0x35D1E164,
	0x35D8E4E2,0x35F049AF,0x35FB6598,0x36181D65,0x36198637,
	0x362F69D9,0x36443C53,0x364D0E72,0x364E1C1C,0x3663F258,
	0x367C98A4,0x3696D01A,0x36A34606,0x36AD6C42,0x36C76C31,
	0x36D305F4,0x36DB96B7,0x370A3C8C,0x37198BE4,0x371F00DF,
	0x373C40F4,0x373E5E35,0x375C8356,0x37981DFA,0x37C296A6,
	0x37FB8EA9,0x38211EB2,0x38262B2E,0x3876149C,0x3880D7F7,
	0x3890C07F,0x389F364F,0x38B3DB72,0x38CD1865,0x39560D54,
	0x39569163,0x39BBDFFF,0x39CBADBF,0x3A0CF468,0x3A119CB0,
	0x3A2376AF,0x3A27938D,0x3A64C398,0x3A7C1684,0x3A80442D,
	0x3A80ED8D,0x3A8190F2,0x3A865DF7,0x3AACDC80,0x3AB4E4BA,
	0x3AB64F81,0x3AB6EAA7,0x3ACA1834,0x3ACF111B,0x3AF49B35,
	0x3B05C773,0x3B05E2FC,0x3B0DDC0D,0x3B1B9F4C,0x3B3B0C12,
	0x3B49DB5F,0x3B59A0B6,0x3B71318C,0x3B8090B8,0x3BB828E0,
	0x3BCD2E7C,0x3C0175D7,0x3C49CA5A,0x3C5F65ED,0x3C6696DB,
	0x3C6F1EE3,0x3C728D02,0x3C8FEDE2,0x3D007BA1,0x3D4534AE,
	0x3D4653DF,0x3D480920,0x3D7A2489,0x3D9E4BDF,0x3DA441A0,
	0x3DD66FC6,0x3E1EEA1A,0x3E5D887D,0x3E69CCA2,0x3E80DCD8,
	0x3E8135EB,0x3E9A3E8B,0x3F0898A4,0x3F1A25A1,0x3F634031,
	0x3F64F506,0x3F71A946,0x3F8231AA,0x3F90A423,0x3FC3ED10,
	0x3FD4E097,0x40191E8A,0x4041F674,0x407FEE47,0x40ABFB31,
	0x40B22404,0x40B8772F,0x40CCA6E5,0x40E98DF5,0x411C35FE,
	0x41210A8B,0x413831F0,0x413F7DC6,0x415A184A,0x415B70D6,
	0x415C6B61,0x416129C4,0x4172FDDC,0x41A080BB,0x41A091F7,
	0x41A0B447,0x41C151FA,0x41CC2C9D,0x41DB258E,0x42060C7D,
	0x420D3178,0x428E527F,0x429F2A76,0x42B8391E,0x42E28641,
	0x42E39460,0x4317BB03,0x4324FB9B,0x4330FC2F,0x433D189E,
	0x435DF343,0x4378EC7C,0x437DDC44,0x439828BC,0x43B0DD79,
	0x43B5747D,0x43D89591,0x43E73021,0x43E8E480,0x43F98841,
	0x445D22BE,0x447DA149,0x44832C80,0x448BC0E0,0x449A2B1C,
	0x449FB915,0x44B3C377,0x44C13949,0x44EC6D5D,0x44F10884,
	0x4503CBCD,0x4510CF32,0x4534CBA6,0x4573FFE1,0x4581FF09,
	0x45829A05,0x458E9F9A,0x45C91A44,0x45F62ABD,0x45F9DC2A,
	0x4601F60E,0x460529BB,0x461793EB,0x462C3176,0x465A212A,
	0x465AA748,0x4675C1BF,0x4682D4AA,0x46C65D89,0x46CF7351,
	0x46E5ABD7,0x46EE00EF,0x47241559,0x4725B899,0x4745CE61,
	0x47651E7C,0x47922DD6,0x47EA7F6D,0x47F5CA95,0x480BDF3B,
	0x484219F7,0x4844EC24,0x486A609F,0x4875D5EC,0x48B1B78F,
	0x48CFA09F,0x48DC74A5,0x4914EC3E,0x493363CE,0x494CB54E,
	0x49608812,0x4988B6C1,0x4998BFBE,0x4A2D0953,0x4A8413F3,
	0x4A926482,0x4AAFCE04,0x4AB50B5E,0x4AF81FEE,0x4B0FE7E6,
	0x4B161404,0x4B486DB7,0x4BC5C367,0x4BD6D68E,0x4BD8CA57,
	0x4C1FF192,0x4C299ABB,0x4C2B6725,0x4C2CE786,0x4C2F7E50,
	0x4C84B486,0x4CB14319,0x4CB851A6,0x4D273405,0x4D2786D6,
	0x4D2B5704,0x4D362D0D,0x4D6EDC6C,0x4D752E46,0x4D7B2469,
	0x4D8FD56C,0x4DD1FC90,0x4E2DC9B9,0x4E3FB09C,0x4E40B460,
	0x4E4D1794,0x4E64C65E,0x4E722906,0x4EB9816F,0x4EC9890F,
	0x4F0DBD7A,0x4F2033D6,0x4F26B122,0x4F51C8A6,0x4F55EF4E,
	0x4F62E51D,0x4F993F9E,0x4FA69D52,0x4FAEC212,0x4FD50D1F,
	0x4FDD7F91,0x5036476E,0x503FA8F0,0x50646DC0,0x506FD2EB,
	0x50B98764,0x50BE4FDC,0x50F2D814,0x510A2DD6,0x5128E417,
	0x513230FD,0x517D351E,0x51AB3572,0x51C8240C,0x51F0008E,
	0x52114243,0x521C5921,0x5225B8E8,0x522B1F18,0x525185B7,
	0x5262FC18,0x528A006E,0x52A99A19,0x52C1D503,0x52C8C769,
	0x52CC3378,0x52D1087E,0x5305447F,0x530851BB,0x53098E09,
	0x531DF943,0x53343AE5,0x534401CA,0x5351D0B5,0x53B37671,
	0x5437B821,0x545ED9C3,0x5481E1A8,0x548E70C1,0x54BC31C1,
	0x54EA2496,0x54F13AD7,0x554CE481,0x55534623,0x5562980C,
	0x556AB1E6,0x556B00ED,0x557BB9A9,0x55C97AB6,0x55E6CD59,
	0x561C2278,0x563014E2,0x5649343E,0x564E820A,0x565C1063,
	0x565FD039,0x566652F8,0x566B7F42,0x56775CAB,0x569E7A9F,
	0x56B60627,0x56BF7E35,0x56C07A84,0x56C11146,0x56D1D1AD,
	0x56EE9941,0x56F71514,0x570162D6,0x5709DDDA,0x57216FAD,
	0x574415AA,0x5752BD5B,0x575EAC37,0x5768CE0F,0x576EB145,
	0x579493E3,0x57B73220,0x57BC16E5,0x57D66E3C,0x57EB24CF,
	0x581EFF7A,0x5820B462,0x582300F4,0x585116FB,0x587D599F,
	0x5896D08C,0x58B450E4,0x58B9BB71,0x58C5334A,0x59081524,
	0x5930B13C,0x59635A33,0x5977D58F,0x597850A1,0x598D62C9,
	0x59970635,0x59BE114A,0x59F583EB,0x5A27C301,0x5A3E044A,
	0x5A40CCCF,0x5A57B43E,0x5A6A52E2,0x5AB1AB43,0x5ABC5DCB,
	0x5AC1A87B,0x5AF39E8D,0x5AF7589F,0x5AFBF51D,0x5AFE44FC,
	0x5B31D86B,0x5B32F9D2,0x5B57DCC7,0x5B5DBE77,0x5B76430E,
	0x5B81CB0F,0x5B91DC6F,0x5BB71D4E,0x5BD1666C,0x5BD8B7FF,
	0x5BE383BB,0x5C3F95E7,0x5C5AB7A0,0x5C6E1E66,0x5C8AA54B,
	0x5C968A94,0x5CAEC36C,0x5CB412C6,0x5CE0E0C3,0x5D04A750,
	0x5D24E44C,0x5D4D1114,0x5D58F870,0x5D5B574F,0x5DBA07B3,
	0x5E0FA994,0x5E0FFB00,0x5E105203,0x5E1D731C,0x5E640058,
	0x5EBF5B2C,0x5EC7B59F,0x5ED52136,0x5EDBC72A,0x5EDD3082,
	0x5F03D89A,0x5F0B0355,0x5F1273CD,0x5F2B5635,0x5F39DE1C,
	0x5F4FEF2D,0x5F73ECF1,0x5F83ABFB,0x5F8E3CF0,0x5FA90AE3,
	0x5FB65923,0x5FFF3AF8,0x6002953E,0x603D8F0B,0x60665CBB,
	0x606E82A2,0x608E62F4,0x608F728E,0x60C27EC7,0x60CB0086,
	0x60FD76E3,0x61032D82,0x6105EC1D,0x610892C3,0x610B63EF,
	0x61252AFA,0x61698C5A,0x61C57CF8,0x61FAFE19,0x620038C6,
	0x620D7626,0x62103123,0x62406731,0x626B555C,0x62A097BC,
	0x62B8B2FD,0x632054D0,0x63336C92,0x637619E7,0x63989654,
	0x63EC847A,0x640C727B,0x641A840B,0x64768EB7,0x647979F8,
	0x649CDBDA,0x64ADA4B5,0x652EDED3,0x6536DC99,0x6542AAEB,
	0x6547CD41,0x65495DB0,0x654BD495,0x657473ED,0x6590D2CD,
	0x65AB401C,0x65B1D0FB,0x65BCB477,0x65D584BC,0x65DB6AF4,
	0x65EA9B32,0x65F31049,0x66060A9B,0x660AA363,0x661F3F51,
	0x664F9BDF,0x666898B9,0x666CEF8E,0x66887311,0x66B65F88,
	0x66CC4802,0x66D9F640,0x66DA1DF4,0x66DAE056,0x66E0BA48,
	0x66E22301,0x66F75EE9,0x67307100,0x67508750,0x675ACCDA,
	0x67714F5E,0x67715D7B,0x67774490,0x6779D764,0x67A1A24A,
	0x68026852,0x6832EF17,0x6837CB65,0x683A487F,0x684E65D3,
	0x684E7C47,0x68505575,0x685B2E84,0x6881F956,0x689D74B4,
	0x68A650DB,0x68B551B8,0x68C76F9C,0x68D0EBA5,0x68DE75C6,
	0x690FCF40,0x6913E80A,0x6926E8D5,0x694A374E,0x694C3DFC,
	0x696991F8,0x697D1D4F,0x698502CC,0x698EAFCB,0x69B2CC65,
	0x69C0902E,0x69C449B0,0x69CB9F5A,0x69E4B586,0x69E7F34B,
	0x6A1B0F18,0x6A24C73F,0x6A28029C,0x6A36FD12,0x6A4A8F7F,
	0x6A517401,0x6A70BAC1,0x6A84AC2B,0x6AA55D93,0x6ABC2561,
	0x6B0FD7DF,0x6B15D393,0x6B62E5C5,0x6B7A4258,0x6B7F22F6,
	0x6BB02760,0x6BB3A735,0x6BB5C4E0,0x6BB5FED8,0x6BB7A0F6,
	0x6BC9CA5B,0x6BD7B10D,0x6BD9E765,0x6BEEA41C,0x6C0C7D1A,
	0x6C58F662,0x6C62CBD8,0x6C675770,0x6C6824C4,0x6C814186,
	0x6C857105,0x6C9A5034,0x6CC7CF5C,0x6CEB2866,0x6CEBCF28,
	0x6D0B02BE,0x6D126397,0x6D1CDCA1,0x6D2E8866,0x6D427FD0,
	0x6D57D0A3,0x6D597A84,0x6D5DAD36,0x6D5DD69E,0x6D6AA10B,
	0x6D99EFD0,0x6DB5E6A8,0x6DB90AF1,0x6DBEDA58,0x6DF47B91,
	0x6DFEDAE8,0x6E10EEF6,0x6E92D7E7,0x6E976950,0x6EA245F0,
	0x6EAA1AA8,0x6EB58DF8,0x6EBB526F,0x6EC45B02,0x6EF4B2CD,
	0x6F0E43FC,0x6F173FB2,0x6F2F4864,0x6F4F83BC,0x6F68BFBE,
	0x6FBCA499,0x6FD7C85F,0x6FE1AE3A,0x6FE5EE7D,0x7006CC0D,
	0x7024EEC9,0x702709C2,0x707839AB,0x709A8B97,0x70ABFAF0,
	0x70CF7C31,0x710E8D72,0x71107D9D,0x7114E114,0x71538432,
	0x7156D5E1,0x715F9514,0x716D3E74,0x71BBB8B0,0x71F6F27D,
	0x72370B38,0x724B5C3E,0x724D2A64,0x7250626D,0x726A3FA6,
	0x72700976,0x727D970B,0x7283FEBE,0x728EA40D,0x729866E1,
	0x72A31DCD,0x72A70B8A,0x72CFB561,0x72E07D9F,0x72E73023,
	0x72FC7A6E,0x730018A1,0x73347066,0x7339D5CB,0x7343E7CC,
	0x7355175F,0x737004ED,0x7378B631,0x737D46D0,0x73968A7E,
	0x73A569FC,0x73ADFC62,0x73B1D2DF,0x73B84E96,0x73B95466,
	0x73FC62F2,0x7419DB2B,0x74248D4C,0x74454E7B,0x748886BE,
	0x74BBFA72,0x74C7E7B4,0x74D89BBC,0x74F692EC,0x74F7357F,
	0x75120961,0x752137A8,0x75282941,0x7531F843,0x7566A2F6,
	0x75931E0A,0x7596F9C6,0x75BC73E9,0x75EAFDF9,0x76341D6D,
	0x7673025A,0x767CD7C4,0x76D49F18,0x76EDC935,0x76F01317,
	0x76F5892F,0x770A643C,0x7720DBCD,0x77311363,0x776E1194,
	0x778F18D0,0x77B70D13,0x77C2E95E,0x77EF7576,0x78068228,
	0x78125C5A,0x78293FAF,0x78542A3D,0x78709AEF,0x78C9F3FB,
	0x78CE48BE,0x78D15326,0x790431D9,0x79479632,0x795E4034,
	0x799007A0,0x79A0E654,0x79A63485,0x79A8A15A,0x79F8026F,
	0x7A08FC5A,0x7A4A6F8A,0x7A54ECB4,0x7A678480,0x7A788714,
	0x7A8AC38C,0x7A8FFE4B,0x7A978AC4,0x7AADF3FD,0x7AB55338,
	0x7ABCA606,0x7AD4A0FE,0x7AD626B1,0x7ADC9932,0x7AEF5A98,
	0x7AFD636F,0x7B03D66D,0x7B08DA0D,0x7B1BEC2B,0x7B3487C0,
	0x7B6B3383,0x7B6C26AD,0x7BD6EAA3,0x7BD8A773,0x7BDAFF61,
	0x7BEE3063,0x7C1095D4,0x7C226D95,0x7C3A3185,0x7C3AAD48,
	0x7C967807,0x7CBA0873,0x7D0E5B09,0x7D5EE36D,0x7D613F25,
	0x7D61CA91,0x7D6964D8,0x7DA5DE5F,0x7DB0E6C5,0x7DB9192A,
	0x7DBBF737,0x7DC2962C,0x7DC55449,0x7DC6749C,0x7DCDE8C9,
	0x7DFAD5F7,0x7DFD4581,0x7E19B8D4,0x7E3C1118,0x7E658447,
	0x7E6B7D24,0x7E7B72D6,0x7EBB7D05,0x7EBDA623,0x7ECAFB0F,
	0x7ECF1FA5,0x7EE52406,0x7EECF4D9,0x7F1922C8,0x7F31B707,
	0x7F59CDD6,0x7FA7CCB5,0x7FCDCB30,0x7FCE8BB9,0x7FE7AD2C,
	0x801692D1,0x8043D302,0x8054FB6B,0x806CF881,0x809E4079,
	0x80DF85E3,0x80F22701,0x8119A040,0x8119A727,0x8121217F,
	0x8154B98A,0x81565209,0x815AE8A6,0x8171EA09,0x81921D27,
	0x81A25284,0x81AE899B,0x822147DB,0x825AB6C0,0x825B2F18,
	0x826C9834,0x827A1DE1,0x828522AF,0x82944418,0x82954427,
	0x82C40274,0x82D3EB8C,0x82D7D716,0x82F2A595,0x8350F3E8,
	0x8385DBEF,0x83B68591,0x83CAF546,0x83CC76EC,0x8418DD79,
	0x841B9C1B,0x84471E8B,0x845DAF85,0x84C57FCA,0x84DE2666,
	0x84FE6DC0,0x8542A658,0x855580E6,0x85905B15,0x8591DAE5,
	0x859A6B0A,0x859B7FFC,0x85AF4648,0x85D2DD67,0x862A928B,
	0x8664A149,0x86F2C5DE,0x8718C03C,0x871D4663,0x87491A53,
	0x8761CDB4,0x877BCE1C,0x87981DBF,0x87DACB28,0x87FDF10F,
	0x882DBE09,0x88340EF9,0x886F77D6,0x887A3B02,0x88962C70,
	0x88AE237F,0x88DBDDAF,0x88DDBB6D,0x88E87A7C,0x88F04E81,
	0x89137A7E,0x89186D8A,0x89787356,0x8982F489,0x89921ACF,
	0x89CFFFD5,0x89D3C429,0x89D5B64A,0x89FDD91B,0x8A1B44C3,
	0x8A2D207B,0x8A418BF0,0x8A661245,0x8A771D62,0x8AAFC505,
	0x8AB9FAFD,0x8ABF03F9,0x8AC1A402,0x8ACDD56C,0x8AE185AE,
	0x8AF616AE,0x8B05791E,0x8B26B82D,0x8B62044F,0x8B655559,
	0x8B7D339A,0x8B8ACAEA,0x8BA130F4,0x8BDF3CB6,0x8BFB9260,
	0x8C109F1C,0x8C52D1B6,0x8C6A2E69,0x8C984A35,0x8CDB135A,
	0x8CDDFE75,0x8CE03467,0x8CE03C78,0x8D011990,0x8D07DE72,
	0x8D192FA6,0x8D19B83E,0x8D1D4AEF,0x8D210873,0x8D233DBF,
	0x8D2AC091,0x8D8846C6,0x8D8D013E,0x8D986896,0x8DA5A397,
	0x8DB293F3,0x8DC06AAC,0x8DC79399,0x8DDF0143,0x8E338F53,
	0x8E6AA0F9,0x8E7B846B,0x8E8599EB,0x8E8681C6,0x8EA6DF12,
	0x8EC2A3C3,0x8EDC1C92,0x8EF3A4E2,0x8F0DC2A9,0x8F351180,
	0x8F63B341,0x8F73B35C,0x8F7E6ECA,0x8F9B5409,0x8F9E163B,
	0x8FA1ADE1,0x8FE0B9C4,0x900D4221,0x90465AE4,0x9057235F,
	0x907BFCE7,0x9085E49B,0x90B04110,0x90B1C8D3,0x90D6BF65,
	0x90DDCDC0,0x90E8744B,0x9128DCFA,0x91BAC3BA,0x91F17549,
	0x91FAEF86,0x9259C9B6,0x9264CF37,0x928BF0AC,0x92A661ED,
	0x92DCC8FE,0x92E1096C,0x92E89ED0,0x931455D2,0x93241C27,
	0x932449EB,0x93265D2D,0x93284B51,0x932A48F3,0x934C3660,
	0x936A25BE,0x936E2897,0x9376514E,0x93ABF6B4,0x93AED10F,
	0x940045B8,0x943609EF,0x94372696,0x9462AEFB,0x9488C5B1,
	0x949DC3CD,0x94AED923,0x94DE4EF3,0x94F50347,0x9507599E,
	0x950F5392,0x95206DD9,0x952658BB,0x953F3DD9,0x95536996,
	0x955820EB,0x9573636D,0x95AE6A81,0x95BEFB3F,0x95CA724E,
	0x95FD5E4F,0x9671AB74,0x9684B67F,0x971306DE,0x978430BC,
	0x97BC8AFE,0x97ECFFCE,0x983145FD,0x985A55D1,0x985D6BA4,
	0x985DEB9D,0x986E0F1B,0x988898B4,0x988BCBBE,0x98908670,
	0x98ABB1D2,0x98B7B8EB,0x98B8B233,0x98F96198,0x99123C36,
	0x99157E22,0x9928EAF5,0x992FBE20,0x99547011,0x99B5D54B,
	0x99C48ADA,0x99D46BD1,0x99D96331,0x9A3DA99D,0x9A43959A,
	0x9A4D5EAF,0x9A6489AC,0x9A758103,0x9A9427EF,0x9AA72CBB,
	0x9AFE4BE4,0x9B1FE0AD,0x9B28AA55,0x9B4EDF9C,0x9BB3B447,
	0x9BB4D574,0x9BC331EF,0x9BFE8728,0x9C18F802,0x9C1CCCAE,
	0x9C324A7F,0x9C407DA0,0x9C40D626,0x9C44BAF0,0x9C4FB606,
	0x9C56B281,0x9C588EEB,0x9C730EF8,0x9C77E68D,0x9CBE7DDF,
	0x9CDAD367,0x9CDC4163,0x9D034044,0x9D12AA10,0x9D216E17,
	0x9D34D5AD,0x9D5D8B77,0x9D6F0223,0x9D734702,0x9D9C8102,
	0x9DB65101,0x9DC24B18,0x9DCC9834,0x9DCEBC09,0x9DD723A3,
	0x9DDCB189,0x9DE7F4DC,0x9DF6ECA2,0x9E25755B,0x9E2E9CC2,
	0x9E551A77,0x9E5565B2,0x9E9E852E,0x9ED2054B,0x9EE27673,
	0x9EF7367C,0x9EF84FF3,0x9F06D6FA,0x9F18B7D5,0x9F23337E,
	0x9F4C21AB,0x9F557DE7,0x9F5E5DF9,0x9F6D36E4,0x9FD5D3CB,
	0x9FE5EF6D,0x9FF620D8,0xA02D11BC,0xA042D4F0,0xA05AF05F,
	0xA068CF6D,0xA09665BA,0xA0977C6D,0xA09E5520,0xA0A76190,
	0xA0B03A5F,0xA1118045,0xA1303FD9,0xA13D06DC,0xA14DE216,
	0xA16DB8BA,0xA1BE49B2,0xA1D19629,0xA1DCB9AC,0xA1F436DF,
	0xA1FA5874,0xA1FCC221,0xA2066B7C,0xA230CCAD,0xA234F06E,
	0xA25C69BB,0xA280277F,0xA2978F63,0xA29FD507,0xA2C1445C,
	0xA2CB913A,0xA2E93905,0xA350644D,0xA351AA66,0xA35E605C,
	0xA3CDE76F,0xA3D9DD27,0xA3E7D390,0xA3F1EB86,0xA3F7EA8E,
	0xA401DCA3,0xA42AFE7F,0xA42F51D4,0xA447791B,0xA45D33BE,
	0xA468E782,0xA479E260,0xA48CDD5E,0xA4931522,0xA4CA2E5A,
	0xA4D11595,0xA4D1410F,0xA4D1F405,0xA4EE160E,0xA532A1B6,
	0xA53EAF6D,0xA55BCC72,0xA56E0109,0xA57BC291,0xA5F07592,
	0xA6000918,0xA60B6C81,0xA6879338,0xA68A2159,0xA6A0228F,
	0xA6CD07E9,0xA701EBA8,0xA7220D33,0xA72AFCC4,0xA75F87DF,
	0xA7A1A426,0xA7AEFD66,0xA7C2F815,0xA7DA4D1B,0xA7E79553,
	0xA7FB71D6,0xA7FC9FBA,0xA7FDF330,0xA8202038,0xA847A7DC,
	0xA8532C3F,0xA88DEF26,0xA8A2E6B9,0xA8BF9ABF,0xA8C3BB8C,
	0xA90447E7,0xA937F527,0xA93A7B73,0xA93B1E46,0xA93DF0A7,
	0xA948911F,0xA94FCC43,0xA95964CD,0xA9723D4B,0xA982D4C0,
	0xA9A0785D,0xA9BE4668,0xA9C07133,0xA9C5BAFF,0xA9C8CD65,
	0xA9E63B6F,0xAA11EFFE,0xAA124757,0xAA13D5DB,0xAA4C965D,
	0xAA557E1E,0xAA599025,0xAA737EF4,0xAA7397DB,0xAA967EF7,
	0xAAC18EF3,0xAAC5838F,0xAAC70F90,0xAAE27223,0xAAF7857E,
	0xAB015118,0xAB0A6A89,0xAB575DBE,0xAB5937C5,0xAB828913,
	0xAB8A54E0,0xABE7CBEF,0xABF416E8,0xABFC385D,0xAC05C48D,
	0xAC52EAA8,0xAC56001B,0xAC58AEC3,0xACC6F8CA,0xACFF37CB,
	0xAD27A1F6,0xAD3F5D2F,0xAD43269E,0xAD4C7385,0xAD678539,
	0xAD7B15DF,0xAD90B6A6,0xADA41E48,0xADC39B67,0xAE05E47F,
	0xAE319FF2,0xAE76DD68,0xAE7A6B90,0xAE8A717F,0xAEA06164,
	0xAEB7C9A4,0xAEC5EB6A,0xAEE606FC,0xAEF8A253,0xAF00C1AB,
	0xAF03AF3E,0xAF102E8B,0xAF4B64CC,0xAF5657AB,0xAF56D372,
	0xAF593138,0xAF686AEC,0xAF93F4BC,0xAF98C726,0xAFB7091F,
	0xAFD2B6CA,0xAFDB239E,0xAFF890F9,0xB005FEFA,0xB018E1EC,
	0xB0248FEE,0xB0358587,0xB0663D67,0xB0695B3B,0xB0758B03,
	0xB07FFBC8,0xB08A03CB,0xB08E5670,0xB127F14E,0xB1335D5F,
	0xB16A5ADE,0xB16BB2D6,0xB1AB7776,0xB1ADFD5E,0xB1AF024C,
	0xB1C18891,0xB1ECE640,0xB1FC1534,0xB22C5A45,0xB2548361,
	0xB25D8F20,0xB2967473,0xB2B5640B,0xB2C4D89F,0xB2D19041,
	0xB2E06E0C,0xB2E38541,0xB2F7C0C0,0xB2FA6D9F,0xB30368A7,
	0xB3370D72,0xB35F54D8,0xB396E0D1,0xB39B919E,0xB3B22FD4,
	0xB3CC1E88,0xB3D51051,0xB3DC0822,0xB3DF4A3D,0xB4038D1B,
	0xB4077CAE,0xB471F06A,0xB479F8BB,0xB49F56B6,0xB4B2EB19,
	0xB4B698E7,0xB4C9E100,0xB4F2BD87,0xB4FB7FE0,0xB5198014,
	0xB5781A99,0xB5F69870,0xB627149F,0xB63C2368,0xB6438E66,
	0xB64819AC,0xB64843E1,0xB67AEDB7,0xB69AD0F9,0xB6C9398E,
	0xB6EB8BE1,0xB706272C,0xB72204C6,0xB72B02E4,0xB746E1C0,
	0xB755DE6A,0xB76B6F23,0xB77ED3C3,0xB79B4BDF,0xB79D1575,
	0xB7DD8C5A,0xB7EE76EC,0xB806E6FB,0xB8756041,0xB8C63ACC,
	0xB8D0ABA3,0xB8D64268,0xB9282AFE,0xB9363430,0xB9449BFC,
	0xB965A4D9,0xB978BE94,0xB99EE0C8,0xB9AD431B,0xB9C3F153,
	0xB9EC84B9,0xB9F318D9,0xBA1A4A46,0xBA296B51,0xBA4BC48F,
	0xBA50742A,0xBA6B0955,0xBA839332,0xBAA17EB8,0xBADBF448,
	0xBAF8F8A2,0xBB3D5C9E,0xBB546B00,0xBB89C999,0xBB8A0A6A,
	0xBB959BC0,0xBBC516AE,0xBBF73B7D,0xBC47043F,0xBC54DB4D,
	0xBC70A211,0xBC772893,0xBC856BF6,0xBC8F97EA,0xBCB308A8,
	0xBD0561AD,0xBD184DD2,0xBD63BC30,0xBD8108A2,0xBD912572,
	0xBD925249,0xBD975C41,0xBDA7F8BA,0xBDC57966,0xBDD4D09D,
	0xBDD4D2CA,0xBDF3F13B,0xBE53A6BF,0xBE66854A,0xBEA9215E,
	0xBEA9B23E,0xBEAEC950,0xBED00964,0xBF01BC91,0xBF2DF152,
	0xBF304A03,0xBF4E3985,0xBF58F1A2,0xBF77A291,0xBFA999F9,
	0xBFD04BB8,0xBFD55B03,0xBFF63FCC,0xC021CC3F,0xC02C7D38,
	0xC0349EBB,0xC068C78E,0xC0936D5B,0xC0BB0FE8,0xC0D5F768,
	0xC0E0CDF3,0xC0EA2B85,0xC0F609F4,0xC0F9C7BC,0xC12FF575,
	0xC166C7EC,0xC19E3444,0xC1A6F167,0xC1DF8579,0xC21AA0D4,
	0xC223FEB0,0xC24D9A31,0xC258D1B3,0xC295C243,0xC29E66BF,
	0xC2A28224,0xC2AF0334,0xC2BD65DF,0xC2C0A46F,0xC2DD048A,
	0xC2EFAAFB,0xC2F59087,0xC32B51EA,0xC34700F6,0xC34DD51E,
	0xC36A032C,0xC3A3D2B5,0xC3A68296,0xC3CCEC52,0xC3E5EC80,
	0xC3F6E25A,0xC3F72EB7,0xC3F8007D,0xC40FB070,0xC4220DDE,
	0xC45E2A9B,0xC4943480,0xC4986EB5,0xC4A27F7F,0xC4B5B914,
	0xC4B7E508,0xC4C6ED37,0xC4ECA05B,0xC5194352,0xC5279149,
	0xC53935EA,0xC57B411F,0xC591FAC2,0xC5947AE7,0xC5CF2E55,
	0xC5CFA9CA,0xC5DD915D,0xC600EE80,0xC61673A0,0xC631A0DC,
	0xC64056D8,0xC6409C48,0xC6688D92,0xC66B2AE0,0xC66C79E1,
	0xC6BF8F32,0xC77418F5,0xC7BB8542,0xC7C1D147,0xC7E07D38,
	0xC7E0B325,0xC7ED5369,0xC7FDE74C,0xC8163642,0xC8320996,
	0xC86D54C2,0xC8836718,0xC89310AF,0xC8B28734,0xC91DE988,
	0xC9344B88,0xC9701205,0xC9703F63,0xC9A0522F,0xC9A35321,
	0xC9B12985,0xC9B728FD,0xC9E75EE0,0xC9E90CCC,0xCA012344,
	0xCA1940B5,0xCA2A637F,0xCA2FAA11,0xCA5FB311,0xCA64A0AA,
	0xCAB0B4B6,0xCAB104B4,0xCAC76586,0xCADEE95F,0xCAE621E7,
	0xCAE6CE7B,0xCB004896,0xCB07100F,0xCB1069B6,0xCB15D370,
	0xCB1BE6F3,0xCB281C0E,0xCB3A3B67,0xCB665B2E,0xCB71374C,
	0xCBAC2FEC,0xCBFA0F9A,0xCC1FC2A0,0xCC2A00B3,0xCC3D6D5D,
	0xCC48B8E7,0xCC6A0559,0xCC737007,0xCCE10CF8,0xCCEAC442,
	0xCCEB5864,0xCD30B9DB,0xCD3C101E,0xCD433838,0xCD4B2030,
	0xCD553F3F,0xCD80C659,0xCDAB6213,0xCDB94243,0xCDCBCCD6,
	0xCDCDBA66,0xCDD54273,0xCE1880F6,0xCE21CAAD,0xCE313A76,
	0xCE7410EB,0xCE7A4F98,0xCE837663,0xCEB56333,0xCEDB46E6,
	0xCEF131C5,0xCF46C380,0xCF7AB468,0xCFA84464,0xCFAE09C2,
	0xCFB01D2B,0xCFD61DD3,0xCFF4BF9C,0xD03996B1,0xD07A0F0D,
	0xD081FED0,0xD0934873,0xD095F262,0xD0C86D83,0xD12C89C8,
	0xD12F623E,0xD1538395,0xD16A511F,0xD176EF05,0xD19071A3,
	0xD1B12ADD,0xD1DE4287,0xD1F44584,0xD21FCC17,0xD22A842D,
	0xD22BA60A,0xD24AF091,0xD251FFFC,0xD27A6462,0xD2842BCF,
	0xD29BF169,0xD29CE410,0xD2A7CF00,0xD2AF473D,0xD2E36454,
	0xD2EC0D7A,0xD311C44E,0xD35393D7,0xD3B9648A,0xD3C4E0A9,
	0xD3C65DB9,0xD40A9D4C,0xD40DD537,0xD416E27C,0xD42E291D,
	0xD44722FD,0xD44F333A,0xD450C3E4,0xD4740F0B,0xD52C2F2F,
	0xD54C432C,0xD5613080,0xD571262B,0xD57E3509,0xD5905CEE,
	0xD59BE3E5,0xD5FAA482,0xD60121CD,0xD61A526F,0xD62477EB,
	0xD62BD664,0xD686CBFB,0xD688A779,0xD6E4A88D,0xD6E57DB5,
	0xD6FBC38F,0xD6FE52FE,0xD781FAD3,0xD7954AFC,0xD79AB4D7,
	0xD7BAA46C,0xD7D9229D,0xD7E8A508,0xD7FD36F4,0xD835735E,
	0xD86A0475,0xD882A1E0,0xD8ADD75B,0xD8BCB9FB,0xD8C96FC9,
	0xD8D1172E,0xD8FC0920,0xD92AC6BB,0xD934DB63,0xD93AC1B7,
	0xD948D2FB,0xD950987C,0xD95CE3F5,0xD9B0AB07,0xD9FF58F5,
	0xDA09C3DA,0xDA5DADED,0xDA74C70B,0xDA7BEE17,0xDAAB87E9,
	0xDAAF54B3,0xDAB9DDC4,0xDABB795E,0xDAC8F07A,0xDAFE50A2,
	0xDB02BB97,0xDB0581B1,0xDB10458D,0xDB153A4D,0xDB2472F8,
	0xDB29AF44,0xDB2A60BE,0xDB432620,0xDB69F6AE,0xDB7002F7,
	0xDB7977D6,0xDB7CD18A,0xDBA04B35,0xDBAEAA93,0xDBE49EC0,
	0xDBE6FACD,0xDBEBE45A,0xDC08AE4F,0xDC384CEF,0xDC99304F,
	0xDC9B58E9,0xDC9C9A24,0xDCC957E4,0xDD41B0A9,0xDD471FDC,
	0xDD4DDFA9,0xDD6CB900,0xDD719793,0xDD750C4B,0xDD7806EB,
	0xDD880AD4,0xDD8E7EAB,0xDD94D7C8,0xDDC4B954,0xDDCC6DA6,
	0xDE096673,0xDE3413BC,0xDE4F8B08,0xDE65E1BE,0xDE67EC5A,
	0xDE7F5C78,0xDE831D0E,0xDECAABAE,0xDEDC3D41,0xDEE7942F,
	0xDF020781,0xDF83E415,0xDFD46E12,0xE00DE6EC,0xE012E6EE,
	0xE017FBA1,0xE01AB9D8,0xE02FB462,0xE0306F30,0xE04491BB,
	0xE049A43C,0xE0614268,0xE0717968,0xE0832DF8,0xE08B2889,
	0xE095DAC6,0xE0A3FE8C,0xE0A90E53,0xE0B4B913,0xE0B96BD7,
	0xE0E0E3A0,0xE0ED6B0A,0xE10BA9B9,0xE15A0E86,0xE184AD6F,
	0xE1BB5830,0xE1CD68AE,0xE1DB8CF6,0xE1E44489,0xE1F26D57,
	0xE1F8E1FB,0xE21E4359,0xE220AA64,0xE2832A92,0xE29AE58B,
	0xE2C8473A,0xE2CBBD03,0xE2E66FE4,0xE2FF15F8,0xE3043BC8,
	0xE30D4D54,0xE330EF08,0xE346DC23,0xE3470A1C,0xE34E763A,
	0xE3550689,0xE36209B7,0xE3861BFA,0xE3AC72D0,0xE3C4F5D4,
	0xE3C781B4,0xE3E6CF48,0xE462CCE8,0xE46B6F11,0xE482BC1A,
	0xE48319C1,0xE4C138D4,0xE4CA44D0,0xE4E40DAF,0xE4FB6848,
	0xE500BFF3,0xE53E49A1,0xE5405EF8,0xE5735D5B,0xE5A65FC5,
	0xE5CBECFF,0xE5E004F7,0xE5FF13A4,0xE622F53F,0xE63ACA4B,
	0xE6772E1F,0xE69AC2F5,0xE6A3A0E8,0xE6FFE693,0xE7179CB5,
	0xE752874B,0xE76058D1,0xE762C92D,0xE7AD895C,0xE7DE9EEB,
	0xE7E9DDB1,0xE83908D5,0xE8424BCD,0xE866C067,0xE89B2FC1,
	0xE8A1DD5E,0xE8B1F665,0xE8E56762,0xE91101E3,0xE92E9CB4,
	0xE970AA31,0xE97ABD01,0xE9B7C9AD,0xE9D7B874,0xE9ECCDB4,
	0xE9FAC3DF,0xEA59E8A8,0xEA5E5BB6,0xEA8C645A,0xEAAC83C2,
	0xEAB8EBB4,0xEADA2C87,0xEAEABB23,0xEAF5B6D6,0xEB304C2F,
	0xEB388B5F,0xEB59DDC2,0xEB60F0C3,0xEBD76775,0xEBED758C,
	0xEC0930CB,0xEC0F0091,0xEC1C6CB7,0xEC2EC676,0xEC597CBE,
	0xEC6151D0,0xEC92A2A2,0xECA0D0E7,0xECC7107D,0xECFF65C2,
	0xED0395BE,0xED09CE16,0xED0D89B1,0xED15D9B4,0xED29A66A,
	0xEDA3596D,0xEDBA52E0,0xEDC9DD4D,0xEDD3E322,0xEDFE1BD6,
	0xEE07A840,0xEE68095E,0xEE77931F,0xEE7E643F,0xEE83532C,
	0xEE8DCA1C,0xEE9A506A,0xEEAF9A76,0xEF0CA834,0xEF0CF3AF,
	0xEF4AAE59,0xEF4C33E2,0xEF7F186D,0xEF8354C8,0xEFDECC42,
	0xEFE254FB,0xEFF15752,0xF0812F6B,0xF097AFF3,0xF0EAFC66,
	0xF0F94815,0xF10891B9,0xF10C9C67,0xF1446BFD,0xF1453778,
	0xF14BB28E,0xF17A42FC,0xF17D0124,0xF1C1EBD2,0xF1F13514,
	0xF203B67E,0xF205DC98,0xF210BD75,0xF218AA69,0xF2224909,
	0xF2318415,0xF254CC1C,0xF25D7E55,0xF28D5EBD,0xF28F8B9B,
	0xF2EE0BF1,0xF2F4863E,0xF2F7D2E1,0xF3123C35,0xF31698D0,
	0xF32A6579,0xF32AA9E3,0xF3399028,0xF345D0ED,0xF345ECC8,
	0xF3497A83,0xF39AFBAE,0xF3D1866D,0xF40C33EA,0xF4428E87,
	0xF44AD2FB,0xF47E0596,0xF482ACA0,0xF49B2915,0xF4A3AC3A,
	0xF4B32ABE,0xF4B745FC,0xF4D8668F,0xF4E1BA7E,0xF4E223E9,
	0xF4E5E7A1,0xF4F2C17D,0xF53C8E84,0xF5729691,0xF57913F8,
	0xF5861CC8,0xF5943A56,0xF5E9F999,0xF63C6576,0xF64B8BF3,
	0xF6513B28,0xF687DC61,0xF698ED2B,0xF69914A0,0xF6C01EED,
	0xF6F1E421,0xF7353251,0xF73E0CCD,0xF764E673,0xF797F352,
	0xF7B76B7F,0xF7C36546,0xF7C66967,0xF8039A1E,0xF805D3D9,
	0xF80B391D,0xF811D3CC,0xF81A511F,0xF825A51C,0xF82ED7FF,
	0xF8366637,0xF850390F,0xF8671CD5,0xF86CA37C,0xF8787ECE,
	0xF893F2E1,0xF89CD687,0xF8A4FD2A,0xF8F47E03,0xF8F8799A,
	0xF902FC12,0xF91B1BCC,0xF92B1458,0xF968E8A0,0xF975D55F,
	0xF9844A58,0xF98B2804,0xF9DB421F,0xF9DED181,0xF9FEF9BB,
	0xFA03EF50,0xFA406299,0xFA58FBAB,0xFA8D9C4E,0xFA93E1AC,
	0xFA9843A5,0xFAAC18B3,0xFACAD813,0xFAF67413,0xFAFE3DA2,
	0xFB18F5A5,0xFB3DD217,0xFB427EF7,0xFB591A2D,0xFB5E9151,
	0xFB661084,0xFB826F0D,0xFB94D6C6,0xFBC3E193,0xFBD6B1FB,
	0xFC19AE63,0xFC21061F,0xFC23C548,0xFC446DE6,0xFC582719,
	0xFC9F68F8,0xFCA03F89,0xFCAE6D5F,0xFCB01550,0xFCBB5B6B,
	0xFCC27327,0xFCC86936,0xFCEAC606,0xFD08890E,0xFD1ACF7F,
	0xFD35E1DE,0xFD39F035,0xFD4922E6,0xFD4FB7E3,0xFD575E34,
	0xFDA1B462,0xFDABD410,0xFDAE48C0,0xFDBBFB2A,0xFDEC9F7A,
	0xFE0F8E40,0xFE2E733E,0xFE573C2A,0xFE6222D9,0xFE831EE7,
	0xFE96703A,0xFEAEF68F,0xFEAFAD27,0xFEBAC1D6,0xFECE63BF,
	0xFEDBA90E,0xFEE5266C,0xFEF3B4D6,0xFEFDB842,0xFF20EDDB,
	0xFF5FFF80,0xFF664DED,0xFFCF58F2,0xFFD5BF85,0xFFD8F71D,
	0xFFF54918,
	// Coats (0X6F58734F) - 1708 items
	0x007F6FBD,0x00AAE73F,0x00AD2453,0x00C8EB3F,0x0107FDC2,
	0x01216662,0x012B374D,0x0188B7EC,0x01DC3960,0x01F1D658,
	0x02937230,0x02D25C77,0x03530B9A,0x0353631B,0x0355DB0D,
	0x03814BA8,0x03871635,0x03CC5161,0x040F4BCA,0x0437BCA1,
	0x045D3F49,0x046C78C1,0x0495C239,0x04CA5AA8,0x05236119,
	0x053C65DE,0x055F2640,0x05960B1B,0x05B8760C,0x05DFCA08,
	0x061BB496,0x06257F7F,0x0629293F,0x062F7F20,0x068DF919,
	0x06A27767,0x0719F9BD,0x07235D4A,0x0747454D,0x075F1466,
	0x0770CD53,0x0778C451,0x079A440F,0x07A65E5C,0x07CD643F,
	0x07D97E88,0x07E504AF,0x08130BD8,0x081CC3C5,0x081F7509,
	0x082A253A,0x084C4468,0x087D6A44,0x08B4C660,0x09062B05,
	0x0938A8AE,0x093BF64E,0x097F1EEE,0x0981199A,0x09AE9B8A,
	0x09B5A38C,0x09E71344,0x09F2C389,0x09F47196,0x0A20DFB1,
	0x0A23F68B,0x0A926155,0x0A957F05,0x0AEF0FB2,0x0B0B2547,
	0x0BAB4CC6,0x0BEBB3F9,0x0C8A4FBF,0x0CBAA5CA,0x0CE3D65B,
	0x0CE947A4,0x0D42F554,0x0D4CF617,0x0D5EDA07,0x0D6582BA,
	0x0D840837,0x0D869A49,0x0D902AA4,0x0DDF22C2,0x0DF80AAA,
	0x0DF917D7,0x0E687471,0x0E72D11B,0x0E9F4711,0x0EA85E86,
	0x0EB54050,0x0EF678D3,0x0F3C9DAD,0x0F462524,0x0F4D7DA4,
	0x0F6FFB32,0x0FC6E37E,0x0FED52CD,0x100A0D1D,0x102A88CF,
	0x103945D2,0x105F0147,0x106CF39E,0x10818B9E,0x10C02674,
	0x10D35669,0x115DA94F,0x1193B64F,0x11C534F5,0x11C9B2BA,
	0x11F2D928,0x11F694A8,0x1202EE98,0x122524D4,0x12655EF0,
	0x1275112A,0x1279E999,0x12847B83,0x12C15FB8,0x12E51663,
	0x1304C04E,0x130A3D35,0x13132BCE,0x132F99D1,0x1377C4A2,
	0x13A202E7,0x13B3E696,0x13B6851A,0x13BD3752,0x13EC8F83,
	0x1454CD05,0x14DD1C27,0x154FB86C,0x15A6A032,0x15B760CE,
	0x15E9FAD7,0x160AE0F0,0x16425763,0x1673E2BA,0x169CD916,
	0x16D8F2FF,0x177CC536,0x179F6D87,0x17A664F4,0x17AD1F46,
	0x181F5652,0x183887BF,0x18483F46,0x1859A473,0x18B941C1,
	0x18C9C0C4,0x18E2BDB5,0x18FFB807,0x19107D90,0x19350D38,
	0x197DE86B,0x1990CA0E,0x19BCAF2B,0x19D47754,0x1A7870E4,
	0x1A84E2DB,0x1A8A68E4,0x1ABBEC22,0x1ABBF90F,0x1AE4BCCC,
	0x1AEB99F2,0x1AF7B961,0x1AF85B75,0x1AFCB535,0x1B164391,
	0x1B2B0AFE,0x1B4ADEF4,0x1B5C8B1A,0x1B67B645,0x1B853F37,
	0x1B92D463,0x1BB37922,0x1C38FAE4,0x1C3C62B4,0x1C42BDC3,
	0x1C4BB0BE,0x1C5792B9,0x1C6E3810,0x1C701B23,0x1CCEA857,
	0x1CEBE643,0x1D83DD6F,0x1DE62579,0x1E0250EA,0x1E4012EC,
	0x1E48FBF9,0x1E7C1634,0x1E887224,0x1E8C190B,0x1EB262EC,
	0x1F3C4D9B,0x1F433A6B,0x1F4B4E89,0x1F79CDC8,0x1F7DD066,
	0x1F89F3D6,0x1FB51BD6,0x1FC3303A,0x1FC4D588,0x1FE4C114,
	0x2019797B,0x201B016B,0x2023FA6D,0x20698345,0x206CE3BF,
	0x20CE7F7E,0x20ED22EA,0x2124767A,0x2124AF52,0x21312A0C,
	0x216DFBD2,0x2181F82B,0x2183B991,0x2199560F,0x21CE1A9C,
	0x21F04A74,0x21FB36B7,0x21FBEC56,0x22087A9F,0x22198FA2,
	0x2235D21C,0x223743E5,0x223FFEA6,0x22997310,0x22A8A5DA,
	0x22C3D17B,0x231F55C2,0x233D3735,0x237A4419,0x2388C2C3,
	0x238FFB55,0x23D17746,0x23D9BB3F,0x243A40D0,0x243F0DCB,
	0x24469D9E,0x247FE521,0x24876E6E,0x248DFE12,0x2498AA45,
	0x249D5A47,0x24A98CB7,0x24ADB59B,0x24ADD811,0x24F96ADE,
	0x253E04B1,0x257C667A,0x25814B97,0x2582BB98,0x259B5DB7,
	0x25BE61B9,0x25E14B37,0x26004FCD,0x265206CA,0x2654237A,
	0x26604ADC,0x2664F2DD,0x2676BF5A,0x267FA210,0x268CC6ED,
	0x26A3702F,0x26C3120C,0x26C355A8,0x26F25FCB,0x26FFF6A7,
	0x27B6D575,0x27D67A8B,0x27DA6CA1,0x283B0CA8,0x2857D75C,
	0x28595E91,0x288D065C,0x28AB5092,0x28AE585F,0x29057A69,
	0x292B8B8F,0x29552E4D,0x298C899B,0x29E0C0CA,0x2A03AED5,
	0x2A171B0F,0x2A2BF9DC,0x2A331823,0x2A86135C,0x2AB3346F,
	0x2AC4A0F8,0x2ACCC2C8,0x2B56DA12,0x2B599AB3,0x2B74E59F,
	0x2B9F5885,0x2BA004D2,0x2BB8DD19,0x2C25448A,0x2C37609B,
	0x2C57CD94,0x2C79E816,0x2C948E50,0x2CBA00CF,0x2CBE578B,
	0x2CDDAE63,0x2D2E0FFF,0x2D372660,0x2D3B494B,0x2D4BCF8C,
	0x2D5907E6,0x2D645B52,0x2D6D08AB,0x2DA87E49,0x2DBBFB44,
	0x2DE51D85,0x2E138F1D,0x2E8EBF60,0x2ECFA8D1,0x2ED185FD,
	0x2EE78F02,0x2F00ED28,0x2F0BB426,0x2FAEA6FF,0x2FB93524,
	0x2FC10595,0x2FFB9F5E,0x304115C8,0x30656E2F,0x3078E068,
	0x30C8BD84,0x311D3739,0x312A3B90,0x3163E5D4,0x3171F403,
	0x31C2B7E6,0x31EA2646,0x31FF13A1,0x320988E5,0x320CF39D,
	0x323725A3,0x3250A5D6,0x32581090,0x3290C631,0x32C84619,
	0x32D13493,0x3303A03C,0x3305A3EC,0x336DCC4D,0x33B0719D,
	0x33C84719,0x3420A267,0x343DED6F,0x344D66B6,0x34542719,
	0x3468C39F,0x347DB8DF,0x34872CB9,0x3487C5A7,0x34927518,
	0x349C703B,0x34E71F2D,0x35001F5B,0x352F2001,0x353599AC,
	0x353988C6,0x3587F0B7,0x35AC53D2,0x35B7EAE5,0x35BA9F44,
	0x35CFECEA,0x35E871D8,0x35FDFDE2,0x36306985,0x364D881C,
	0x365E98A0,0x36771955,0x3681996E,0x368A73C1,0x3694FC5A,
	0x36BB4640,0x36D08223,0x36D74EC2,0x36EEFEEA,0x37455F1D,
	0x3749304D,0x375C4C65,0x37A8099C,0x37D67131,0x381D1659,
	0x3852637C,0x3873DB82,0x388B35B5,0x39030D46,0x390648DE,
	0x39097A34,0x3912F149,0x3916B6B3,0x39495E43,0x399080E3,
	0x39AB3C5C,0x39B5B2D2,0x39D5EF5D,0x3A0CD00C,0x3A582B32,
	0x3A979753,0x3A9D87C7,0x3AE504F0,0x3B066B01,0x3B356267,
	0x3B54B33C,0x3B57D2A6,0x3BA13374,0x3BA96FAE,0x3BC264B3,
	0x3BC47129,0x3BCC146C,0x3C532100,0x3C59861B,0x3C5BF49C,
	0x3CB354CB,0x3CDEAE87,0x3D6AA0E8,0x3D80B047,0x3DA36BFA,
	0x3DDB4358,0x3DF55092,0x3E3FE988,0x3EA4B110,0x3EAFAB30,
	0x3EE95975,0x3EE9D48B,0x3EEFFE69,0x3F0F9A40,0x3F430A75,
	0x3F75D827,0x3F80EDD6,0x3F840DBD,0x3FA46537,0x3FE0A71C,
	0x405D8B47,0x40B490B9,0x40CE722F,0x40E1109A,0x411A07E3,
	0x413E1500,0x415C7644,0x41A4DFE5,0x41C8FF69,0x41C963A2,
	0x41D9A165,0x423A87D0,0x42506F3B,0x4295010E,0x42CFD550,
	0x42E24836,0x42EBF844,0x4318BB90,0x4335BBC6,0x43489B76,
	0x43827AC4,0x43888CC0,0x438F9901,0x43BB1895,0x44330E6D,
	0x446E7232,0x4476C51F,0x44935817,0x44BBED77,0x44D19FE3,
	0x44D690B0,0x44ECB4B3,0x44FEACED,0x450967BF,0x4515F1D5,
	0x4540EB91,0x4548C807,0x45A198F7,0x45C9D7C7,0x461A6702,
	0x466A8C10,0x467F93AB,0x468FEAC8,0x469686E5,0x46ADD118,
	0x46BB5D5A,0x46F251E4,0x46FB2C49,0x4712856A,0x47653E6D,
	0x478DFACC,0x478E78C9,0x479C3BA3,0x47CA81C4,0x47D31F29,
	0x4815F446,0x4816432A,0x482CCCEC,0x483EB37A,0x48484386,
	0x484C6FA1,0x485C9FED,0x48D0242C,0x492DC835,0x493A12FD,
	0x49445EFF,0x4971D49E,0x498CCD4E,0x49AA6524,0x49B20D24,
	0x49E7AF0F,0x4A16B101,0x4A7C99EC,0x4A8C2280,0x4AC35AD3,
	0x4ACB4328,0x4AF65641,0x4B0911FA,0x4B168A8C,0x4B1DF87E,
	0x4B252202,0x4B3C4BBE,0x4B828344,0x4BC8B9F8,0x4C39F2C0,
	0x4C3DE706,0x4C6674BF,0x4C7EB47E,0x4D0F7AA7,0x4D2512A9,
	0x4D3DA930,0x4D86ED04,0x4D997729,0x4D9E6089,0x4DBA503E,
	0x4DEB4430,0x4DF499F4,0x4DFB0F67,0x4E01F768,0x4E30B229,
	0x4E397758,0x4E5700AD,0x4EE0FA59,0x4F2A69C3,0x4F660F7F,
	0x4F94B1AD,0x4F988173,0x4FF61D10,0x505A4B8E,0x505F39BE,
	0x506BD636,0x5076ACDC,0x5091D6C6,0x50AE2A8A,0x50C38F3E,
	0x50D01688,0x50DE3DDD,0x50E737DB,0x512C5E8E,0x515614DF,
	0x5183B4E9,0x51A6D480,0x51B77CAA,0x51C84709,0x521C3A78,
	0x52355A11,0x5263AACE,0x52AB0565,0x52C522AE,0x52D7DECE,
	0x52DBADD8,0x52E39096,0x5304B4E1,0x532A16EA,0x53669163,
	0x53A75482,0x53B34A63,0x53B43C4D,0x53C18B9D,0x53CE9176,
	0x53D34327,0x54143E22,0x541721EE,0x54F0A5C5,0x551886CC,
	0x5537ECE1,0x558CECD4,0x558DDABE,0x55B2DA2A,0x55EB32D9,
	0x55EE3B10,0x55FDE82D,0x560497BD,0x56230B56,0x562600B4,
	0x5636FE35,0x5655418F,0x565B99C3,0x56DC91B4,0x56DF036F,
	0x56E8CD0C,0x56FDFA72,0x570BFA4B,0x57138F36,0x5750EC82,
	0x57816333,0x57A7B442,0x57C74BBC,0x57CC2ED3,0x57DFE599,
	0x57E0D2A6,0x57FA8C8C,0x580255A0,0x58138962,0x584BFF88,
	0x585495DE,0x58EB8661,0x590375FA,0x593B24E6,0x5946C3AC,
	0x598BF717,0x598E8343,0x59C6A429,0x59F7202D,0x5A17DB8A,
	0x5A25033E,0x5A2FE755,0x5A476EC3,0x5A49EA36,0x5A6A9C7E,
	0x5A79E7F1,0x5A7B5036,0x5A89365C,0x5A9144A5,0x5B07B41A,
	0x5B26883F,0x5B61C477,0x5B677B54,0x5B9841BC,0x5BACBE05,
	0x5BBD539B,0x5C164AB0,0x5C21E09D,0x5C46B475,0x5C4C2A8E,
	0x5C4F6DC5,0x5C615674,0x5CF7B2B3,0x5D11E7B5,0x5D2C5098,
	0x5D5D9122,0x5DAEC8C1,0x5DC4FF46,0x5DD254A4,0x5DECCCE9,
	0x5E0EB105,0x5E125E48,0x5E13D8FB,0x5E18D27D,0x5E194AE7,
	0x5E1980D1,0x5E211313,0x5E41B0E2,0x5E4D88CE,0x5EA672AB,
	0x5EE03DAE,0x5F18E68B,0x5F1E501E,0x5F1EF307,0x5F2074C2,
	0x5F29D0DF,0x5F64B0FC,0x5FE0A3C0,0x5FE9047A,0x6091C72A,
	0x611F4731,0x612141B7,0x6127B994,0x616E70AD,0x61CFD107,
	0x61D126B9,0x61D4D245,0x61DE25FE,0x6207080D,0x620C1009,
	0x62171038,0x6223EF21,0x629889B6,0x62E2820A,0x637B3F55,
	0x6395F85E,0x639C8AF5,0x63AB2666,0x63BE3330,0x63CA4AEF,
	0x64037B75,0x645D9A82,0x6472496D,0x6483FEAE,0x64A1F526,
	0x64D7AE74,0x64E87973,0x6517DD5A,0x651E1998,0x651EA44A,
	0x656D2AE9,0x657A6A2F,0x6585EE08,0x65A32F60,0x6656DB85,
	0x665BDC35,0x666F5375,0x6680A84A,0x66D34751,0x66EC8F93,
	0x6765113B,0x67840BE8,0x67A50B97,0x67BC194F,0x67E21BAF,
	0x684D7D05,0x685AE038,0x68958A76,0x689F38E7,0x68ED3729,
	0x68F0A792,0x68FA5B38,0x691D2ED1,0x69483F9C,0x69843CDC,
	0x698DB850,0x69927609,0x69A4BDDF,0x69C36F07,0x69F25A90,
	0x69F82B3D,0x6A0363D1,0x6A1354BE,0x6A22D58F,0x6A38A663,
	0x6A5B638F,0x6A712E1D,0x6ACD3B86,0x6B509DD1,0x6B60F8E5,
	0x6B977AA7,0x6BC2F085,0x6BC8A685,0x6BD427CE,0x6C59F587,
	0x6C5F14B0,0x6C75D60F,0x6CAAEA74,0x6CAAFF68,0x6CF2141D,
	0x6D12EEA7,0x6D382ED8,0x6D82F726,0x6DD617E1,0x6DEA67C3,
	0x6DEF0340,0x6E48DBFD,0x6E93F367,0x6ED763B5,0x6F0AA05F,
	0x6F27BD45,0x6F33E35A,0x6F6ABB70,0x6F7A01E8,0x700824AE,
	0x70249C3F,0x7061F4B1,0x7071E7E5,0x70B3C05D,0x70E5F149,
	0x70F4A3A3,0x71385BD6,0x71426D10,0x715C5E9C,0x7187DB6E,
	0x71F2D655,0x7234A09A,0x72861ADD,0x7289B99D,0x72AF4757,
	0x72B1084A,0x72DDB782,0x72F151E2,0x72F4D522,0x73171923,
	0x73355DAF,0x734EC5AD,0x735679D7,0x736B9D80,0x7386B340,
	0x739D76A1,0x740613E3,0x742C10B1,0x7446E7C8,0x74536FA9,
	0x7455DD93,0x745A8FA5,0x7479D98F,0x7490085A,0x74977E13,
	0x749F8612,0x74EEB5CE,0x751454BE,0x7521AE42,0x7552FD31,
	0x75610E42,0x7596B65E,0x75A612A6,0x75DDD914,0x75ECA86B,
	0x763A9DAB,0x767C6B03,0x769E821E,0x76ABEDE0,0x76FFA1F8,
	0x7735583E,0x77432507,0x77701467,0x7788FC79,0x779743D5,
	0x77CFB0CF,0x77F941E4,0x78021320,0x78134BC8,0x78268373,
	0x78381A09,0x78D1C6B7,0x7908B5CD,0x7943CF22,0x7948DED0,
	0x7961808E,0x797A6523,0x798C957B,0x79974999,0x799FB5B0,
	0x79A8AF96,0x79A96A9B,0x79C0D490,0x79DFD44F,0x7A063B3C,
	0x7A08E3F4,0x7A0C2E51,0x7A2FCA10,0x7A9D39E2,0x7AA5D0F9,
	0x7AADCCA8,0x7AC2A533,0x7B288739,0x7B297CE9,0x7B50EA12,
	0x7BBAE9E5,0x7BF63439,0x7BFCE88F,0x7C160708,0x7C1A1C9A,
	0x7C38F422,0x7C390E6F,0x7C9CCD8A,0x7CEA02F6,0x7D3100F8,
	0x7D3C2C21,0x7D86CA01,0x7DAF83BF,0x7DBD6323,0x7E124755,
	0x7E4AE849,0x7E6D061F,0x7EDE14EB,0x7EDEFF07,0x7EEE29A9,
	0x7EFB3A2B,0x7F1519B2,0x7F18532A,0x7F37FB93,0x7F7E43A4,
	0x7F8ED4CF,0x7F91CB14,0x7FAFCB69,0x7FB6FFFE,0x7FF85C83,
	0x800235F3,0x8028F297,0x803E7A3C,0x80B03731,0x80D7252E,
	0x81051FBB,0x811953F9,0x8132090F,0x813C5161,0x815300D8,
	0x815CE6D3,0x818E3F0E,0x819B781E,0x819DC1AF,0x81C12F64,
	0x81F52324,0x81FB4354,0x8207A96D,0x821829B7,0x82442B78,
	0x825331D9,0x82674688,0x82B0CD06,0x82DE228F,0x82DEF053,
	0x83092906,0x833ED054,0x834FC2EC,0x8350E318,0x83610388,
	0x837C5A5B,0x83BEFEC2,0x83CE9655,0x83DB66C2,0x842480A7,
	0x842DF567,0x843AB44C,0x8478F4F1,0x84B3BC5C,0x84E691F8,
	0x84F45BDE,0x850BEE12,0x858C6B03,0x859A7BD0,0x85C1BC76,
	0x85EEE32A,0x85F06877,0x862FEEA1,0x86475038,0x864CAEFB,
	0x86D899A3,0x86E6388B,0x872B5586,0x872D62E4,0x874181F3,
	0x875DB854,0x8768B62B,0x8770026F,0x879E0C5F,0x879F246D,
	0x87CDE403,0x8817C6B0,0x884E5D05,0x8852D52A,0x887822DA,
	0x8916EEC8,0x8960E768,0x8981B155,0x8995545A,0x89D5703D,
	0x89E9972D,0x8A44EAF4,0x8A68B937,0x8A6A702A,0x8A72AAE2,
	0x8A9132D3,0x8A93EE72,0x8A981B19,0x8AAF9FEA,0x8AF324C1,
	0x8B0A4202,0x8B0AD9D6,0x8B0CD608,0x8B13EB3B,0x8B28DDF2,
	0x8B505332,0x8B600553,0x8BCC538A,0x8BD033C8,0x8C5DF9CA,
	0x8C6E6E8D,0x8C7DF2C5,0x8C8174A4,0x8CA97E08,0x8CAB9AA0,
	0x8CAEF4A6,0x8CB2729F,0x8CED87A2,0x8D1B4F77,0x8D5A6C7B,
	0x8DD7C492,0x8DEB8C6C,0x8E302D7A,0x8E32D5B0,0x8EA21C7E,
	0x8EDACAE8,0x8F11A745,0x8F262E1A,0x8F47035A,0x8F6A8AB8,
	0x8FE3933B,0x8FF01212,0x900490A4,0x904D6499,0x90518DCC,
	0x909F866E,0x90A4A689,0x90E3AF2A,0x9101571C,0x9113C161,
	0x911415FF,0x914AB3A4,0x91830211,0x91A4A492,0x91AAA245,
	0x91BF6F6F,0x91E0E521,0x91ED6FE4,0x9200EEFA,0x92050D66,
	0x9236E3D3,0x926ABF1C,0x92744FC1,0x928F7714,0x92A1661B,
	0x92AD8F2E,0x92B4AB13,0x92D86424,0x92E99F92,0x92FBC0C3,
	0x934AAEF5,0x9392E3FF,0x93C01BE2,0x93C85883,0x93ECE737,
	0x9409F6FC,0x9443B73F,0x944F092D,0x9457CF9F,0x94A7448D,
	0x94BE6049,0x94CCD332,0x94EE066E,0x9506226A,0x95394CA1,
	0x955466ED,0x95C6FEF0,0x95EBBEFD,0x965B881E,0x96C72D22,
	0x96F78CD6,0x9736A0FB,0x973E36A7,0x97CB85F9,0x982EF2CE,
	0x985BD819,0x98820472,0x98A9373B,0x98E18897,0x98E22B7B,
	0x98FC7999,0x9907257E,0x99421C60,0x99553D35,0x998D2304,
	0x99A5A3E0,0x99B5A1FE,0x9A4052D2,0x9A42694D,0x9A58304C,
	0x9A90D0A9,0x9ADD2381,0x9AFE8206,0x9B2BECD8,0x9B312998,
	0x9B5BEBF8,0x9B8102F6,0x9B9FF374,0x9BA16DA7,0x9BE2710F,
	0x9C16D33D,0x9C2F4B84,0x9C4079B0,0x9C44DB7D,0x9C4FE0FC,
	0x9C8AB4C9,0x9CAA5F72,0x9CB0A93F,0x9CF0B3A0,0x9D2D5CBC,
	0x9D6E8CD2,0x9D8BF7A9,0x9DCD2DCC,0x9DE3F7B9,0x9DEE7F86,
	0x9E135F0E,0x9E454B65,0x9E8A1893,0x9F1D0FFC,0x9F7354E3,
	0x9F958C0E,0x9F984079,0x9F9BCE13,0x9FA87989,0x9FB193CA,
	0x9FB3C881,0x9FCD9C11,0xA001516B,0xA030B2D0,0xA0492C75,
	0xA09934A6,0xA09A6E67,0xA0A282A4,0xA0BD0B44,0xA0C1A57D,
	0xA0ECA2E7,0xA0F04A40,0xA0F12BB5,0xA104CDC0,0xA1125111,
	0xA12F86E3,0xA137E149,0xA180AAB1,0xA1B0C2DE,0xA1CF6F75,
	0xA1D85898,0xA1EF53AC,0xA269538A,0xA28A9A0E,0xA2BB7A90,
	0xA2C1946F,0xA2D4A206,0xA2F59FEF,0xA310ED7B,0xA3173968,
	0xA361E8F2,0xA3E846C0,0xA43BB345,0xA442AE70,0xA449D9F4,
	0xA44E1F18,0xA50DF3A0,0xA526B6D3,0xA58C8463,0xA5D55635,
	0xA5EBB594,0xA64BC609,0xA72F8A54,0xA743471D,0xA77EE0CA,
	0xA7A6ABE7,0xA7D22606,0xA7FD850C,0xA811500F,0xA8469534,
	0xA84CE50B,0xA857046F,0xA859A1C4,0xA8C52CF1,0xA8CD49F8,
	0xA90488B5,0xA95290A4,0xA97E3CD8,0xA98BE478,0xA9A92514,
	0xA9B3F683,0xA9C60868,0xA9E252A8,0xA9F96718,0xAA4E9FD9,
	0xAA515435,0xAA724854,0xAA997C94,0xAAAA303C,0xAAD7488D,
	0xAAF0FBFF,0xAB1AC61F,0xAB34285D,0xAB7564B5,0xABC91B90,
	0xABFB46B2,0xAC282BD2,0xAC2A0E28,0xAC2CF6AB,0xACB57C5E,
	0xACD18DD6,0xAD0CEA6F,0xAD33A65B,0xAD3BF828,0xAD40F07E,
	0xAD41268B,0xAD4287C3,0xAD794606,0xAD7E5E56,0xAD9E1434,
	0xAE131D55,0xAE7FFC39,0xAE8287E1,0xAE8558F1,0xAEB35725,
	0xAECACC28,0xAECDB6E6,0xAEF049F7,0xAEF54DC8,0xAEF627B6,
	0xAF024A3E,0xAF195C64,0xAF3B2D3B,0xAF523B36,0xAFD54A78,
	0xB01517EC,0xB02F4E25,0xB0558631,0xB07271FE,0xB0932C5A,
	0xB0AF3B62,0xB0B989D3,0xB0E14B95,0xB0E68632,0xB12617F1,
	0xB153B7A0,0xB16272EB,0xB18805FA,0xB1CF09BB,0xB1D5D989,
	0xB1DEBF3C,0xB2950EC6,0xB2A8F51F,0xB2AACA21,0xB2D8391E,
	0xB2E7ECD0,0xB31DC03F,0xB3842052,0xB38E2144,0xB3C52409,
	0xB431F455,0xB4B86199,0xB4C1F40E,0xB4CAE0DD,0xB5215EA4,
	0xB553B993,0xB577BF56,0xB593AC86,0xB5B67CD5,0xB5CFC041,
	0xB60C291D,0xB6176B1E,0xB642ECEE,0xB649418B,0xB6506A38,
	0xB66BD0F0,0xB67B564E,0xB688F413,0xB6D50BFB,0xB6DCD569,
	0xB6FE5758,0xB7067F1B,0xB7366DD7,0xB73B93D4,0xB750D87D,
	0xB762C087,0xB76B891D,0xB79F241A,0xB7CC80FD,0xB7DB4594,
	0xB804BB76,0xB80ACDC4,0xB81C3B74,0xB831F70E,0xB841A57B,
	0xB85C9551,0xB870BD7A,0xB87AF088,0xB899A6A0,0xB8C3F06B,
	0xB903EF2A,0xB9145813,0xB93875CA,0xB9AB4106,0xB9F0A9B5,
	0xB9F3DF9A,0xBA16E2E9,0xBA45C377,0xBA4AF482,0xBA7A495B,
	0xBAC3F8E5,0xBACEE5D8,0xBAD51E67,0xBB27679D,0xBBABE466,
	0xBBB9C968,0xBBBFC682,0xBBC6DCC9,0xBBE62168,0xBBF0D5E8,
	0xBC18C729,0xBC56CF81,0xBC647A7F,0xBCACECC9,0xBCB5E54E,
	0xBCB69BCE,0xBCEE07BC,0xBD1968C5,0xBD1B5381,0xBD2A56CA,
	0xBD6E856B,0xBDA9D1CF,0xBDE2B992,0xBE00042E,0xBE65AA09,
	0xBE67BB42,0xBE69EA9A,0xBEFE2261,0xBF0728EA,0xBF4B7CF5,
	0xBF4EE3D9,0xBF55B2DE,0xBF7A8F61,0xBFC3D8D6,0xC075BD2F,
	0xC0AE117E,0xC0B1ED9D,0xC0D9812A,0xC0F42741,0xC10EC5C6,
	0xC12FA22D,0xC17A97E0,0xC1972F70,0xC19A3878,0xC1D5D08E,
	0xC1F389CF,0xC23D7A58,0xC26912A0,0xC27D27F9,0xC284EFD7,
	0xC2A81B12,0xC2AB414B,0xC33E2966,0xC3524803,0xC3A495E6,
	0xC3ABD28B,0xC4423462,0xC4523384,0xC4598EBC,0xC47A9876,
	0xC48ED94A,0xC4CC096E,0xC4D6F305,0xC4EC7188,0xC4F49B55,
	0xC53DF3D7,0xC545C3D5,0xC55F1A8B,0xC5B3FFC9,0xC5D5D820,
	0xC5E3F5A3,0xC5FCE548,0xC63C48BC,0xC6AF3A74,0xC6C785B7,
	0xC6F200A6,0xC70AF056,0xC719B693,0xC77384C4,0xC79B7521,
	0xC7A051B4,0xC7B10C73,0xC808186F,0xC82A746D,0xC84A841E,
	0xC84E0F8B,0xC8764B14,0xC8B097F6,0xC8B2208C,0xC8DC0DBE,
	0xC8FF60EA,0xC94D673C,0xC9887117,0xC9A26326,0xC9BD7DDD,
	0xCA3825DC,0xCA45CD7D,0xCA6B37C9,0xCA8FF195,0xCAB6E0A9,
	0xCB11E4F7,0xCB9C21C6,0xCBA9E43A,0xCBC04553,0xCBD6F447,
	0xCBF4E599,0xCC03C967,0xCC54193E,0xCC565D53,0xCC873BF5,
	0xCC949787,0xCC99C448,0xCC9C1924,0xCCB11952,0xCCBA4DCD,
	0xCCD6E8A5,0xCCE72CF3,0xCD412AEE,0xCD5DD253,0xCDB4C0EF,
	0xCDE73190,0xCE0A1DCA,0xCE123E85,0xCE142692,0xCE2B9BD3,
	0xCE71A9F5,0xCE785AE9,0xCE8E16BE,0xCE8E1BFF,0xCEA1A571,
	0xCEC06129,0xCED10C5D,0xCEE61D5E,0xCEE803BA,0xCEF66270,
	0xCF16A415,0xCF20C7DD,0xCF2DD507,0xCF8F08F9,0xCFF07BD1,
	0xD017A38C,0xD035F467,0xD0A95FC5,0xD0BA8757,0xD10EAA5B,
	0xD136386C,0xD168DF50,0xD1797C3D,0xD18C6447,0xD1A4121E,
	0xD20C808E,0xD218D7FE,0xD2242A51,0xD2ABC7B8,0xD2B34CB3,
	0xD2C405FE,0xD2E1B5E5,0xD2F545B8,0xD2FA7128,0xD30F6D0D,
	0xD353ADAB,0xD3B9FC41,0xD3E4D432,0xD3EB0BF6,0xD49EE532,
	0xD4D17E9B,0xD4D80554,0xD4EE17A2,0xD50B5276,0xD52380C2,
	0xD561A676,0xD56BB016,0xD5BAC175,0xD5C058BE,0xD5D9218F,
	0xD66E1D07,0xD694E0EA,0xD69620B5,0xD6A2868A,0xD6A9894B,
	0xD6BB5948,0xD6F23408,0xD70372AD,0xD7287001,0xD7320B01,
	0xD77D30B0,0xD7FBEA1F,0xD810A849,0xD8C8DC6D,0xD8D81DAE,
	0xD9377C38,0xD9CB0D99,0xD9D7B958,0xD9EA6A7D,0xDA4D103E,
	0xDA886943,0xDAC5EED5,0xDAFA6332,0xDB7AE1D1,0xDBA99B2A,
	0xDBAFA2E9,0xDBE1E14B,0xDBE5A68A,0xDBE907B3,0xDBFEDAE7,
	0xDC7F96AD,0xDC894A2E,0xDCB953B8,0xDCCC987F,0xDCCD4044,
	0xDCCF85D0,0xDCDE4AC6,0xDCF0EEBD,0xDD18B9C3,0xDD5C708C,
	0xDD5EB9A0,0xDD94D74C,0xDDC52565,0xDDC82DEA,0xDDDBCE39,
	0xDE57450D,0xDE6CAD77,0xDE87BDA5,0xDE93ABE2,0xDEDEBDA9,
	0xDEEE591A,0xDEF398B6,0xDEF7BDDF,0xDF4A9568,0xDF656450,
	0xDF7C24DA,0xDFA86A70,0xDFB58E62,0xDFE5B9A0,0xE00C3F6F,
	0xE033C895,0xE0358F3A,0xE0804B91,0xE0996597,0xE0A8B13A,
	0xE0B4FFDC,0xE0FD61FA,0xE10B0057,0xE11D493E,0xE1425064,
	0xE1669DB4,0xE197B664,0xE21A709D,0xE2310163,0xE2380C13,
	0xE27990F2,0xE2965598,0xE2C3B34D,0xE2C64ACB,0xE314CC11,
	0xE33B5DA0,0xE352FA72,0xE36EB5B3,0xE37F6829,0xE38A1BB9,
	0xE391A20A,0xE3C16948,0xE3C60C13,0xE3EC0C7E,0xE40FD841,
	0xE4539772,0xE45DCE64,0xE487F8B0,0xE4D2570A,0xE50E487A,
	0xE53A95D5,0xE5541336,0xE5AD16CA,0xE5CC198C,0xE5E2A973,
	0xE5F95B1A,0xE66759E0,0xE67462E8,0xE6F3AA5C,0xE716DBFB,
	0xE72958E0,0xE7A3C1D9,0xE7C17301,0xE7FFC460,0xE83F39D9,
	0xE84975EF,0xE8E42DC0,0xE905618B,0xE93D143A,0xE93FD435,
	0xE96521CE,0xE9F2BFE3,0xE9F757DF,0xE9FA1266,0xEA4DBF37,
	0xEA504CC8,0xEAA4E516,0xEACDD14E,0xEAD00B10,0xEB109047,
	0xEB548286,0xEB679BBF,0xEB9145E1,0xEBE50D2A,0xEBEDE03A,
	0xECE8385C,0xED2A9FAF,0xED718EB3,0xED987E1A,0xEDD35C3C,
	0xEDFE128B,0xEE0B209D,0xEE1E9151,0xEE2C6A38,0xEE466842,
	0xEE7DE2A4,0xEE89466D,0xEEEA80CE,0xEF0E7141,0xEF215D25,
	0xF011039C,0xF071AE92,0xF077F15B,0xF09E3C0B,0xF0C9D5F0,
	0xF0CD0F78,0xF0E740D8,0xF0FAF91F,0xF105A5A3,0xF10F3DC2,
	0xF1221537,0xF1898F7F,0xF198BA04,0xF1D4EAAD,0xF22AE177,
	0xF26DCAC5,0xF2BFD17D,0xF2CF1A95,0xF2E055A9,0xF2E7C135,
	0xF34D9B76,0xF34DA4DC,0xF34FE68F,0xF3661AFE,0xF3B382E9,
	0xF3C31CAE,0xF4093606,0xF49F6FE8,0xF4A3DC7C,0xF4B0355F,
	0xF4C36F6E,0xF4CA228B,0xF4CAF763,0xF4E1B88E,0xF4F9B563,
	0xF513EF66,0xF51FF26D,0xF58B8804,0xF58FC794,0xF5C51FC0,
	0xF64188A5,0xF651E500,0xF654FBD1,0xF657610F,0xF664990A,
	0xF687DBE5,0xF6BA6DFF,0xF70AD7C3,0xF7105A5D,0xF717DC8A,
	0xF766172B,0xF77D52D1,0xF78E7F3E,0xF7C2114A,0xF7C606AD,
	0xF7F13399,0xF80EBC95,0xF82DFD6D,0xF84A027B,0xF8D35D30,
	0xF8D853F4,0xF949E870,0xF973666F,0xF99C9E18,0xF9CB2FD9,
	0xFA19006D,0xFA28CAB2,0xFA315597,0xFAEC9BED,0xFAF80C2D,
	0xFB2C511B,0xFB3A32F2,0xFB70E03C,0xFB7270B5,0xFB7BBB73,
	0xFB7D51C9,0xFBB3435E,0xFBD31D2B,0xFBD72752,0xFC32B6D7,
	0xFC390D58,0xFC7B3E44,0xFCB4544F,0xFCD233CA,0xFCEE2AE5,
	0xFCF4D2E4,0xFD052F4D,0xFD27262B,0xFD443134,0xFD747310,
	0xFD8457A5,0xFD8658BA,0xFDB71807,0xFDE9EE65,0xFE114013,
	0xFE13AA05,0xFE1782C3,0xFE4F83A2,0xFE4F9126,0xFEAD8CDF,
	0xFEB6B13D,0xFEF3A04F,0xFF952C3F,0xFFACF6A0,0xFFB21A9D,
	0xFFB42BD4,0xFFE0804B,0xFFFBFF6E,
	// Shirts (0X290B0496) - 1075 items
	0x0003D7B5,0x00215112,0x004869A5,0x004E8937,0x007CDF56,
	0x00DAF6E9,0x00FB2474,0x010F143F,0x01148337,0x015A72A5,
	0x015BDA7D,0x01C0A6E7,0x01D615E9,0x01E3212F,0x0210E2D6,
	0x021A1A7A,0x025CC154,0x02B2755D,0x02D453DB,0x03433D4B,
	0x03671B0A,0x04446738,0x045FCD4C,0x04888A23,0x048A8DD7,
	0x04A5FB14,0x04AC4CD5,0x04D19476,0x04DC1FD6,0x04F54118,
	0x05308350,0x055A9FB3,0x05663055,0x0567DD7D,0x05EB429B,
	0x05EF97D9,0x06040E46,0x06C92991,0x0750389C,0x0765936D,
	0x07E69CE7,0x07E7B2AB,0x08020F87,0x080597AD,0x08673705,
	0x08C21B73,0x08CB0503,0x095CF6AA,0x09BC3E26,0x09EB0EFA,
	0x0A17A149,0x0A2D997A,0x0A78B2F4,0x0A938A5A,0x0ABF2930,
	0x0AF4034E,0x0B0DA964,0x0B8F9A4A,0x0C091CEB,0x0C4F93D4,
	0x0C8AD740,0x0CB57BC0,0x0D59A22D,0x0DC7B7D4,0x0DDDD294,
	0x0E21E49A,0x0E4672EF,0x0E5DE8CF,0x0E86998A,0x0E878F37,
	0x0E99E1C0,0x0EE2D8CC,0x0EEADD86,0x0EEE6159,0x0F1E930C,
	0x0F275E3B,0x0F30B082,0x0F5A1080,0x0F5BBD48,0x0F862B72,
	0x0FC96674,0x1076A2D4,0x10A9CF9B,0x10B87936,0x10DA80F1,
	0x110DED53,0x1150DDB0,0x1178F4F4,0x118B1F87,0x121DEA38,
	0x123397AF,0x123F397C,0x126C3B39,0x12785C0A,0x12801254,
	0x1281AB3F,0x12955B8F,0x1296BB4B,0x1317D6A9,0x135C16AC,
	0x13849181,0x142FC6F0,0x1448BED7,0x146F37E2,0x14B4A258,
	0x15298CA8,0x153D2F9C,0x1597552A,0x16061C63,0x1616B827,
	0x1638EF0E,0x164B4F72,0x167D36E9,0x169437FB,0x16CD2EAC,
	0x179C4436,0x18015DB4,0x183A3144,0x18634478,0x193FCEC4,
	0x1956374E,0x1A8CE361,0x1AA4BA22,0x1AC7188A,0x1AD973DD,
	0x1AFE2824,0x1B8A02D1,0x1BA6EDC6,0x1BBDCCD4,0x1BD7A3BD,
	0x1C472DC1,0x1CAD29A4,0x1D367918,0x1D3CE42C,0x1E108CF0,
	0x1E8DD361,0x1E927833,0x1E965075,0x1EAA6A09,0x1EC90452,
	0x1EECD215,0x1EEE464E,0x1F0C2FE4,0x1F373F7C,0x1F53BB18,
	0x1F5FA114,0x1F770ADF,0x1F8FD2AE,0x200976EB,0x20244373,
	0x2037C6AB,0x2088AC04,0x2089D731,0x214B9ED5,0x216944D4,
	0x21BB7128,0x21F6627D,0x22300420,0x2255DB0C,0x2275E0EA,
	0x22A938BF,0x22FF85EB,0x23D97EE0,0x241B6B9C,0x242B2AA7,
	0x24641F2A,0x24643C10,0x24AF3952,0x25129AA8,0x257A356C,
	0x258E61F5,0x259713C7,0x25A3E045,0x25D9BB59,0x25E26809,
	0x262CE00B,0x26379D95,0x2647F73D,0x26ED8C05,0x273743A1,
	0x27771AE0,0x2778226A,0x28BB564B,0x29423FD8,0x29850972,
	0x2A24D352,0x2A435E6D,0x2B145ACA,0x2B1F027C,0x2B35BCA0,
	0x2B462A8B,0x2B649965,0x2BECD456,0x2C288F19,0x2C5686F4,
	0x2CA82A1F,0x2CBEFF81,0x2CD2CB71,0x2D37E2E1,0x2D5372AA,
	0x2D63CE34,0x2DAF717C,0x2E126260,0x2E99BC6F,0x2EBB33D8,
	0x2EBB58AB,0x2F2730FB,0x2F31633B,0x2FABE159,0x302D9931,
	0x307CA7B9,0x3095180B,0x30C377CC,0x30C5F4D4,0x31149F1E,
	0x3115A1EB,0x311EA4D9,0x312FAE50,0x313976AE,0x320BF131,
	0x3213564E,0x325B2832,0x32C5705D,0x33750D01,0x339C7959,
	0x33B4B5D0,0x33FA9119,0x3493A913,0x34AFA789,0x34BF7FDF,
	0x34F61D28,0x355900F7,0x3561870F,0x35D65EF4,0x36413D05,
	0x36B8E374,0x36CDB634,0x36F06EB0,0x3713589E,0x37399825,
	0x373CE1E6,0x37A1F672,0x3826715E,0x3875FAD2,0x3880CD3B,
	0x38989DE9,0x38D5E6DE,0x39005835,0x3905ED2F,0x3940E5C9,
	0x3961817D,0x39D97023,0x3A320688,0x3A4AAAFD,0x3A5E458B,
	0x3A67E69B,0x3A848102,0x3AB771EB,0x3AC92C5A,0x3B171A26,
	0x3BAAE6FB,0x3BCFDFB3,0x3C7C96D9,0x3C7F1F11,0x3CC9FE35,
	0x3D017537,0x3D0A4C05,0x3D142A71,0x3D14651B,0x3D1469B2,
	0x3D46968B,0x3D61A701,0x3E4E41A2,0x3E8F8A38,0x3EC8D9CF,
	0x3FA5D5AD,0x3FFA5077,0x3FFAB722,0x402C061F,0x403CF2A1,
	0x41AD431A,0x41D3A9BE,0x41F2BC03,0x421AADBC,0x423171B6,
	0x423D7CEE,0x4257BB90,0x42B9B22B,0x42BB21C2,0x43270B6C,
	0x432D9454,0x433C9A2A,0x438CBA55,0x439A455E,0x43DC1051,
	0x44089380,0x44333196,0x44894607,0x44903999,0x44AB0A25,
	0x45217063,0x4539360F,0x45393823,0x45DD0DBB,0x466BA233,
	0x4678C3D2,0x46824CF0,0x47103744,0x4719A478,0x4859827E,
	0x486851BC,0x486AC411,0x486BA2FB,0x48FDFC73,0x49193BE4,
	0x494905D9,0x497B5592,0x498CB8A5,0x49DFEA21,0x4A07D78B,
	0x4A53657E,0x4AA6F187,0x4AB7BB82,0x4B12FFD0,0x4B4B5B22,
	0x4B4CE88A,0x4B65DA87,0x4B8FC0A6,0x4B9D634D,0x4BEC4490,
	0x4BED3E10,0x4BF04E48,0x4C31BC5B,0x4C766B99,0x4CD925AB,
	0x4D9D672B,0x4D9DC807,0x4E81F1E7,0x4F04BA07,0x4F0B7A54,
	0x4F487494,0x4FA214EC,0x4FAAA93F,0x4FD52CC3,0x4FE9331E,
	0x50D5054B,0x5154E0D3,0x5197096A,0x51D9E0A8,0x51DB26E0,
	0x521B2637,0x522BF4DA,0x524CEF30,0x5268945A,0x531FA510,
	0x538D1941,0x53BF57C7,0x53FB8430,0x546A6894,0x54C2B21E,
	0x54D0AE79,0x54D84014,0x5535BB76,0x5536513B,0x553AAF93,
	0x5557361D,0x55EC5A93,0x56D85F1C,0x5724C466,0x5728618C,
	0x57DF58E2,0x581A73B0,0x581F702A,0x5826672D,0x58285AFD,
	0x589A4D32,0x597AC681,0x5983C3EA,0x598D050E,0x5A27DA85,
	0x5A2EE09B,0x5A3A3A25,0x5A56FAAD,0x5AC8DF43,0x5B4C7EE2,
	0x5B9C320F,0x5BA50DAB,0x5BA76CCF,0x5BC616C7,0x5BE9915D,
	0x5C9887AB,0x5C990468,0x5CE0487A,0x5D049010,0x5D67C4B9,
	0x5D89FF9F,0x5E56DF1E,0x5E60C797,0x5EA6122A,0x5EA7CF73,
	0x5EACC277,0x5EE403C7,0x5F486B5C,0x5F9E7604,0x5FDBD2FF,
	0x5FFDD4F8,0x6079CF81,0x60A8561A,0x60B730F7,0x6123B928,
	0x617BB8FD,0x617FF348,0x61E235EB,0x6219DFDC,0x6255AAE7,
	0x62789D9B,0x63FE3B43,0x6450F253,0x647CE525,0x64A106B3,
	0x64AFDD10,0x64B4443F,0x64DB2017,0x6502C8D6,0x65918C0E,
	0x65C1B5F6,0x665A796C,0x6712E489,0x6768F5A0,0x6769576B,
	0x67BCABB2,0x67F696AC,0x67F755E9,0x681D6673,0x686EDCD6,
	0x68714C16,0x68A0ED3F,0x69465764,0x695EC262,0x69750455,
	0x6978BDE3,0x698D99FF,0x698FB25A,0x69A61508,0x69FB8DD0,
	0x6A2C1417,0x6A30D662,0x6A48269D,0x6A9BFD2C,0x6AA0AB48,
	0x6AB27695,0x6AB3F6B0,0x6AF14335,0x6BB9175D,0x6C61E5DC,
	0x6CA802DC,0x6DDF65A8,0x6DEDB565,0x6F21CD16,0x7041CAFE,
	0x7043A8D4,0x7078C72D,0x70A28EF9,0x70CA0AB7,0x70E766EC,
	0x71D68D5E,0x7275A25C,0x7281D559,0x72AE9BC4,0x72D26B6B,
	0x72D2FBEA,0x72DE3E66,0x746BD3C9,0x747CF16A,0x74CC2A87,
	0x74CC5921,0x75418D03,0x7568318F,0x7591C78C,0x75D0FC84,
	0x75D67F5D,0x75DBBC81,0x7622DFB5,0x76501CEC,0x76798FD9,
	0x76A4D13C,0x76A6998A,0x76BB684D,0x76BD6C4B,0x7717C490,
	0x7733044A,0x777BC881,0x7799E27A,0x77B6A0D8,0x77CF1529,
	0x77D1B31E,0x78055C0F,0x787772EF,0x78C34DAB,0x78D7D8FF,
	0x79582093,0x79AF331D,0x79BE3617,0x79DD1E66,0x7A49A247,
	0x7A4A3FCA,0x7AB428A3,0x7AE36EE2,0x7B3E3D60,0x7BB7A120,
	0x7C56D708,0x7D1582C7,0x7D225665,0x7D813AED,0x7E0142E6,
	0x7E0A1D64,0x7E25999E,0x7EA308B8,0x7EAA6390,0x7EB4ED0E,
	0x7F2B2468,0x7F35D078,0x7F86A18D,0x7F8E6C6F,0x7FD4F319,
	0x7FE3AC92,0x7FF11541,0x803BA389,0x81ED8FD7,0x81FCEA8E,
	0x82439AD7,0x826C6F53,0x829AAE58,0x82B0E4E0,0x82FC7086,
	0x831E8EAD,0x835499F0,0x839E95F6,0x84723F4B,0x8479C9E2,
	0x84981F97,0x84AAD721,0x850155F6,0x85061ED0,0x853CE8D4,
	0x8556FCD4,0x857BC1BE,0x8588A0F5,0x85E7DA49,0x8602D452,
	0x860C4DD4,0x8626B1D8,0x86317754,0x8740B92D,0x874FEDDA,
	0x87AA97FB,0x87EF08AF,0x886D8682,0x888A9BE6,0x896E3F19,
	0x8A017ECB,0x8A371342,0x8A3F84CB,0x8A675503,0x8A738473,
	0x8AE352BA,0x8B107245,0x8B3E5D3B,0x8B648137,0x8B68B568,
	0x8BDA5ECD,0x8C1F8F1D,0x8C56AE38,0x8C9E2069,0x8CB0BBD9,
	0x8CF29C25,0x8D02A4A0,0x8D2C50BF,0x8D3D1F97,0x8D6EC0EF,
	0x8D7051C4,0x8DD28B4D,0x8DECEDE6,0x8DF62488,0x8DFB85A0,
	0x8E1BCDA2,0x8E901A4C,0x8ED468DE,0x8EF5BF3B,0x8EF847A1,
	0x8F044080,0x8F2DDE46,0x8F4E6058,0x8F5130C5,0x900EDD8E,
	0x90293ED6,0x9070AC53,0x90B7B6CE,0x91072A7E,0x91226843,
	0x9151C8D8,0x917F36B2,0x91B2F27B,0x91C6E47C,0x91CC467E,
	0x92071A86,0x920B8809,0x92454DAD,0x925F3377,0x92609F97,
	0x9261D7FE,0x92BCBA3D,0x93FE6A97,0x947A5531,0x948C1520,
	0x94E93D19,0x94F2891F,0x951C78B2,0x961E85C6,0x9631D92E,
	0x96B7745E,0x96E11F90,0x97038C61,0x979EA9E8,0x97F60895,
	0x97FC3AC9,0x98052056,0x98199D89,0x988D9D2F,0x98BCBE95,
	0x98DB5B59,0x990AF8D4,0x9922D3A5,0x992B50ED,0x993F867C,
	0x996A4833,0x999355A6,0x9AACDC54,0x9B31DBEE,0x9B3C38B8,
	0x9B3E2608,0x9B457A05,0x9B48DF26,0x9B7CBC16,0x9B958340,
	0x9BB5B63F,0x9C7A0CD9,0x9CB923E0,0x9CDC866A,0x9CEA7993,
	0x9D18462C,0x9D1AB9FE,0x9D1F8873,0x9D6106B9,0x9E3A79E5,
	0x9E511B4F,0x9F4BF57B,0x9F7CDD7D,0x9F97E564,0x9FC6F5F4,
	0x9FEB7311,0x9FFD80E9,0xA02016A4,0xA0D1E41B,0xA117DE2C,
	0xA18B6466,0xA1FDB2CD,0xA22BF122,0xA22C1C33,0xA2669346,
	0xA2778BD2,0xA2BCEC74,0xA2C2073F,0xA2EA2481,0xA327985F,
	0xA33DB623,0xA3AD4285,0xA3C19D85,0xA443BBF6,0xA478F52E,
	0xA481CA13,0xA4A373F2,0xA520EDA9,0xA55C2EAA,0xA570B557,
	0xA594965E,0xA5A63A1A,0xA5C838E6,0xA619EA57,0xA621F1CE,
	0xA642BC77,0xA643F609,0xA6A3F245,0xA7045CC1,0xA779B971,
	0xA782ADAE,0xA7E7EF39,0xA851593E,0xA86CE420,0xA90794AD,
	0xA9C15AAF,0xAA1AF6B5,0xAA330B4D,0xAA73F23A,0xAB0F3246,
	0xAB18C686,0xAB395148,0xAB3B4167,0xAB729465,0xABD6A5E1,
	0xABF1ABE0,0xACA906A1,0xACF94F99,0xADE2DA99,0xAE55FE0B,
	0xAEC24DD0,0xAEF04D6C,0xAF44892C,0xAF702D0C,0xAF814970,
	0xAFA20093,0xAFAF1C51,0xAFAF2B55,0xAFB13347,0xAFB17DF2,
	0xAFEDEB4D,0xB0BEA9D5,0xB161B4D3,0xB1851A35,0xB1EA39D6,
	0xB22B74C3,0xB2350E63,0xB267A378,0xB276C39A,0xB2791660,
	0xB31460D3,0xB336F056,0xB3813237,0xB3AC35D1,0xB3C35658,
	0xB4105576,0xB4332376,0xB43E2F5F,0xB444C132,0xB46E0E66,
	0xB4ED872D,0xB4F45023,0xB5239A6B,0xB5404929,0xB5D59EE9,
	0xB5DE3DC0,0xB5E12849,0xB64A5CDC,0xB66CF1D9,0xB68A62BB,
	0xB68BB218,0xB6D76EBE,0xB7789258,0xB7B2DF0D,0xB7F0DEAF,
	0xB8247775,0xB850E093,0xB94287DF,0xB95088EC,0xB96B632B,
	0xB9A04174,0xB9A530CA,0xB9ACFBF5,0xB9C1315A,0xBA71891C,
	0xBAF7FB0C,0xBB3F6C18,0xBBB3AE4E,0xBC320BA6,0xBC359569,
	0xBC5A4AB8,0xBC979A8E,0xBCB096CB,0xBCC011FD,0xBCE74847,
	0xBCFCE4EA,0xBD2E8531,0xBD591941,0xBD791DD7,0xBD8856EC,
	0xBDDEC9E9,0xBDECB8CC,0xBDF4924B,0xBE13EBB3,0xBF0DBF09,
	0xBF187D04,0xBF6E54DE,0xBF982215,0xBFAF1BA4,0xC0177B04,
	0xC022EAB3,0xC07E1CFC,0xC090B28F,0xC0E917B5,0xC153AEE7,
	0xC17C81CC,0xC18703DF,0xC19AE193,0xC1E3F11D,0xC206229B,
	0xC2194E17,0xC2404B3E,0xC2AD4C0C,0xC3172380,0xC3190EA1,
	0xC33176AE,0xC34DC939,0xC36E3A1A,0xC3B96DAD,0xC41426BE,
	0xC414F871,0xC41DDC38,0xC535F673,0xC5E1BA08,0xC5FF2D4D,
	0xC68365AF,0xC6927BF6,0xC6C9E9BB,0xC6DA79C8,0xC6ECD631,
	0xC6F32340,0xC7E65B01,0xC7EEBDCC,0xC806DC22,0xC851C0C7,
	0xC89647A6,0xC8A9CFFC,0xC8BA01CC,0xC8DBCF37,0xC8E18555,
	0xC8EF38D8,0xC9628F43,0xC96AA937,0xC97A6958,0xC9C08372,
	0xC9CFA862,0xCA1F6642,0xCA77835F,0xCAF5E417,0xCB1F62EF,
	0xCB3337AA,0xCBBA4217,0xCC1E35A6,0xCC9EDF3B,0xCCA52D83,
	0xCCA883C6,0xCD2FF061,0xCD709FE0,0xCE0AB1F8,0xCE370881,
	0xCE4097A6,0xCF7A97E5,0xCF92F8AE,0xD025EEC4,0xD076AE04,
	0xD0EDAA4A,0xD0F59D21,0xD105ACDF,0xD166D2F9,0xD1D2C23B,
	0xD1E0DAF0,0xD1F83C6D,0xD23074E1,0xD3249B7D,0xD336A645,
	0xD33D1605,0xD3472561,0xD3548506,0xD37F1CA8,0xD44CC9E8,
	0xD457EF61,0xD48A18BB,0xD52A72AC,0xD59BEAE9,0xD5DEA3C3,
	0xD6C4746B,0xD6D6DF1B,0xD70A1881,0xD7181E15,0xD72BDBB4,
	0xD798CC9B,0xD7A45D8D,0xD7D74E3D,0xD7D8D53B,0xD7F9FB28,
	0xD8211F13,0xD8C92063,0xD8D1D488,0xD96A0150,0xD97DF789,
	0xD9A78F8E,0xD9BEE3C4,0xD9ED928B,0xDA35B57A,0xDAC2DC7F,
	0xDAD47BA6,0xDAF276D2,0xDAFF9855,0xDB3341D7,0xDB3F4A35,
	0xDB5B31DB,0xDB96D373,0xDBB2BDA2,0xDBC5C4A2,0xDBD527F1,
	0xDBDF30AE,0xDBF627DD,0xDC1E5BA3,0xDC41C456,0xDC739CD8,
	0xDC988465,0xDCE42A20,0xDD331067,0xDDD01366,0xDDDC67F8,
	0xDDE340E2,0xDE232F8B,0xDE414EC0,0xDE68D22B,0xDEBA8216,
	0xDEC03E51,0xDED254E6,0xDF32E793,0xDF469D42,0xDF615C14,
	0xE024D8C6,0xE02D945B,0xE08F05AB,0xE13D70BF,0xE1493896,
	0xE1836DA9,0xE18E57DF,0xE1933E5C,0xE1B0C804,0xE1E28742,
	0xE26830E3,0xE2A3EAD1,0xE30A6289,0xE31B7BB0,0xE341BBB7,
	0xE3FD4478,0xE4C88710,0xE5217BB0,0xE5343C8D,0xE57A970D,
	0xE5F217F8,0xE5F4BDB2,0xE6589AE4,0xE66B0CC3,0xE6B4D5D8,
	0xE6D5EC41,0xE71FA619,0xE75374B2,0xE75F0FFB,0xE796A76D,
	0xE7AFCA95,0xE7E2B21B,0xE85FE4F8,0xE8D7BC1C,0xE926C294,
	0xE96513B7,0xE9A81BA7,0xE9B484D6,0xE9C84375,0xE9CC5E6C,
	0xEA394419,0xEA42CF9D,0xEACE2B9D,0xEAD120D6,0xEAE5C7F0,
	0xEB586184,0xEB87D81E,0xEB8AC5E6,0xEB947E22,0xEBE606CC,
	0xEBFFEA3D,0xED04671F,0xED09C626,0xED0DFD82,0xED9D39EF,
	0xEDBDFE60,0xEDD3F8F9,0xEE4CDD6A,0xEE6C4745,0xEE952F2D,
	0xEE995266,0xEEAD7E20,0xEEC0E954,0xEEDEEAD1,0xEF08D156,
	0xEF37F332,0xEF48E390,0xEF57AF33,0xEF83E3AA,0xEF9B0FB0,
	0xEF9B3875,0xEFA8BE01,0xEFB39A76,0xEFC1C92F,0xEFCA4F85,
	0xEFF3FBE7,0xEFF81E1B,0xF00A09CB,0xF011B7E9,0xF0364AE1,
	0xF0F5268B,0xF13CFEBF,0xF18F209D,0xF1B45912,0xF1EC5EFD,
	0xF234E0E7,0xF25E9B82,0xF25EB8BD,0xF2697B34,0xF27FFA59,
	0xF291D8B5,0xF2A27B27,0xF2D46E43,0xF2F9143A,0xF36B4315,
	0xF3AF5927,0xF3C3463B,0xF3E09573,0xF40F041D,0xF412B658,
	0xF45B53AA,0xF4647137,0xF48613BA,0xF4BB3A42,0xF503D594,
	0xF571E619,0xF5EA82DF,0xF6283864,0xF66748A9,0xF6931002,
	0xF69F8BD4,0xF6E75B1F,0xF724BA61,0xF747A5BD,0xF785612F,
	0xF7D8B808,0xF7EB53C7,0xF83B3063,0xF85B472A,0xF88D471B,
	0xF8A7B100,0xF9D43835,0xFAF46ED8,0xFAFCB108,0xFB5FBA3C,
	0xFBD11D2B,0xFBF601D3,0xFC1DE1E7,0xFCA74347,0xFCA7C563,
	0xFCAA1599,0xFCF68D9F,0xFD374E6E,0xFD5AAB2F,0xFDA97C61,
	0xFDB0C247,0xFE0BC2F9,0xFE5DBAE6,0xFE7DF820,0xFE825BB4,
	0xFEB7C00C,0xFEEB2C1E,0xFF91EB36,0xFFD9E648,0xFFE24862,
	// Vests (0X29A49A30) - 741 items
	0x0083F433,0x00A3A8E3,0x00D81C82,0x01B53FA5,0x0207EF30,
	0x022039DB,0x023387DA,0x024CA4B0,0x0299E176,0x03094251,
	0x030CD547,0x036F1224,0x04827F1B,0x04E8FADB,0x0595C0C6,
	0x061E270E,0x06553A1E,0x06807C61,0x07120ADB,0x07714331,
	0x07ADD4CB,0x07E20CD0,0x07FA6EE0,0x08299D6A,0x0845977D,
	0x08728D44,0x089B02B5,0x08B03395,0x08FFACC4,0x093C44E0,
	0x09E6A0E4,0x09F70AD1,0x0A53D511,0x0A594B73,0x0AAE1D9F,
	0x0B161B73,0x0B667EBC,0x0B9C1B57,0x0BAE58E2,0x0C047028,
	0x0C5A5A34,0x0CA54607,0x0CF51EB4,0x0D2F1298,0x0D7E80DC,
	0x0DA1B5CC,0x0DAF9867,0x0E27C09C,0x0ED0D599,0x101093FF,
	0x102714D5,0x1077DF15,0x10A20122,0x115E3542,0x116571F8,
	0x11949CEF,0x124793F3,0x12FC9F84,0x131EC8FA,0x13508D1D,
	0x141955A6,0x1476C904,0x14AD04A8,0x14B3C01E,0x1525E68A,
	0x15D968AF,0x1600D3BF,0x166CD09E,0x16C4E1D8,0x16D90B8E,
	0x1737DA27,0x1768646B,0x176EC610,0x181687A5,0x1891718C,
	0x18DFAE76,0x1920E958,0x194C1920,0x1A244ED1,0x1A675DBF,
	0x1BAF0F7D,0x1BB0C54E,0x1BBDAE5E,0x1BDCCA3F,0x1C493A28,
	0x1C50DE66,0x1CAC7B98,0x1CB34ACC,0x1CEFDC14,0x1D433CA1,
	0x1D95FCB1,0x1DD8B038,0x1DF16A73,0x1E442267,0x1E5DB4F5,
	0x1EB5583C,0x1ED62F2B,0x1FBC9BBB,0x1FFA3CFC,0x21194F45,
	0x21573C39,0x220D21F6,0x225068BD,0x2265A4A9,0x22A9C876,
	0x2366962F,0x23DAEC02,0x2425C557,0x242A4C73,0x246900C9,
	0x24B42FE4,0x250E43A3,0x252CF7CD,0x25E35E1C,0x260390DF,
	0x26045EC6,0x26245DAE,0x263E7929,0x273EDB94,0x27581035,
	0x27D1820A,0x27DA6FCB,0x2871EB6C,0x289E7501,0x28FA7456,
	0x29A4B234,0x29FBB220,0x29FE9E1E,0x2A40477E,0x2A80328B,
	0x2AB99162,0x2AFF82AF,0x2B11FDE1,0x2B9669B2,0x2B9A50BF,
	0x2BDEB9C7,0x2C5A30D3,0x2C65FB74,0x2C674BF9,0x2C9EEFF4,
	0x2CA17286,0x2CACC8BD,0x2CFF5C25,0x2D17CBAE,0x2D3C090C,
	0x2D588824,0x2DC89BFA,0x2E7613B4,0x2E94DEBF,0x2EB2F837,
	0x2EE54446,0x2F150076,0x2FEB6349,0x3004D843,0x301ADE91,
	0x307961D7,0x3161BA3B,0x3164857D,0x3171869A,0x318918B0,
	0x31F449C7,0x335D7121,0x33B77A2C,0x343FC85D,0x347F02E1,
	0x35A189B4,0x35A5E857,0x362AE90C,0x362C0C6E,0x3643E60E,
	0x36F02047,0x3723E461,0x374E6E38,0x3756D9D5,0x379A3955,
	0x381EF1D3,0x383ECEA6,0x387B1662,0x38F7760D,0x395C353F,
	0x39712AD9,0x398D6645,0x39D8F20D,0x3A0A519A,0x3A1586B0,
	0x3A1AB5BA,0x3A5475C9,0x3B01FC24,0x3B1451BD,0x3B671E69,
	0x3C0F3887,0x3C521263,0x3C760602,0x3CDA2664,0x3D3EC9DF,
	0x3D55C4CC,0x3D631CA8,0x3D9DEF19,0x3DC7FDBA,0x3DCBF522,
	0x3E4F6C02,0x3E7FF186,0x3EBCD598,0x3F1602F1,0x3F3D6459,
	0x411F1CCE,0x413CF88F,0x4171DF25,0x427FE04D,0x42948753,
	0x45062DE8,0x45FA6BD2,0x4602CBE1,0x462C2AC9,0x463F6A04,
	0x465E6AE5,0x46612752,0x4662B231,0x47569DBA,0x475E2991,
	0x4859A218,0x4886EEE9,0x48BF8B44,0x4AFF945A,0x4B3BCE6E,
	0x4B57C41A,0x4B6836E6,0x4C65B1E4,0x4C8E0443,0x4CF67164,
	0x4D229596,0x4D7628DC,0x4D7E1C69,0x4D9E9C21,0x4DA98FDD,
	0x4E1BAEBC,0x4EC52AA0,0x4F0EB412,0x4F1845CB,0x4F34FBF4,
	0x4F4E6DFE,0x4F640E2B,0x4F7F2128,0x501880BA,0x502011A2,
	0x50A2F964,0x517D7F3C,0x5194BF4E,0x519707CE,0x51CA4396,
	0x52660CB6,0x52D8A2BC,0x5305CDC8,0x531554BE,0x5388D609,
	0x538A3969,0x53A0C98D,0x53B85D0E,0x53E04D2C,0x53E4B6D6,
	0x54788721,0x547E780E,0x554522C3,0x55C80238,0x55CA3AA5,
	0x56130EB0,0x5664AB24,0x56656E4F,0x568DA6A5,0x56FFC054,
	0x5718A7F6,0x57986F0C,0x57EB0D60,0x585CCB8A,0x585D9265,
	0x58852594,0x58C980F4,0x59786AE7,0x599DB804,0x59A7932C,
	0x59F438AD,0x5AB1D91A,0x5ADAA0DC,0x5AF32549,0x5B0B35B1,
	0x5B2CE8C0,0x5B9CF166,0x5BB21D42,0x5BCCD229,0x5CB81FEB,
	0x5CD4365E,0x5CE6960E,0x5CECE174,0x5D5A7A15,0x5DBE5B92,
	0x5DD85E64,0x5DDCE240,0x5E1C5551,0x5E1E2F6A,0x5E3419ED,
	0x5E9B72D4,0x5EC26611,0x5F201D2A,0x5FBFD0E4,0x60BCF00D,
	0x60F698A9,0x610020EA,0x610B839B,0x61320C88,0x61396EA0,
	0x6181208C,0x62BF23AE,0x62CC54A5,0x635395B8,0x635E9E28,
	0x63853DF0,0x63AD6F17,0x63CAAA1F,0x64240B08,0x646E5851,
	0x647056D0,0x6490310A,0x64BF4BA8,0x64DCF194,0x65526CF0,
	0x656E3C3E,0x665A439A,0x666FDE15,0x668A17AC,0x668AB39C,
	0x66FDC634,0x681606F3,0x68569088,0x69F8B9CF,0x6A33D7F0,
	0x6AB8E287,0x6ADD704A,0x6B2AF909,0x6B503B40,0x6B5B32F7,
	0x6B61369F,0x6BC093BE,0x6C235E6A,0x6C4930AD,0x6CB4F3BC,
	0x6E1A40D4,0x6EE2C04F,0x6F4D5E35,0x6F73A90B,0x6FDAD43F,
	0x70968142,0x70C7E654,0x710F638B,0x71183141,0x71349365,
	0x715DF1C8,0x71B87A22,0x71EC2470,0x7261171C,0x726B58B3,
	0x72D02724,0x73ABD8B9,0x743FFB04,0x7466EAF7,0x74748761,
	0x747C406F,0x7484C7F3,0x74DA69C2,0x74F2506B,0x754BFA0C,
	0x757704AC,0x758B0436,0x760CFD7E,0x771271AD,0x773D9231,
	0x77F0D7CB,0x7835E751,0x78931FB9,0x78B6D5F1,0x794A2FAD,
	0x79861BBC,0x7A052AD1,0x7A149808,0x7A253425,0x7A4EFAC1,
	0x7AD2070C,0x7AF2E747,0x7B343490,0x7B3C28D2,0x7B6FEF18,
	0x7C4DD625,0x7D275A2B,0x7D411137,0x7F05DC37,0x7F3123B9,
	0x7FDCE459,0x80006B27,0x802A7FEF,0x804B354F,0x804D6324,
	0x80D6FB37,0x80D71126,0x80DC8309,0x8117E8AA,0x821C2BD2,
	0x82E525DF,0x83B3947C,0x8428FC2E,0x84D28A8C,0x84FBF13F,
	0x85588E39,0x857B386C,0x85E8E95B,0x8649EB7D,0x8675BB7E,
	0x8684A6C7,0x86898E7F,0x86ADE4D2,0x86D593CE,0x86D6D7D1,
	0x8715A74B,0x87779260,0x878593CF,0x87B0B811,0x87F58D7E,
	0x8813F811,0x88141E17,0x88954D67,0x88A4ED8A,0x88B98854,
	0x8925A3B3,0x896A14FD,0x89940286,0x89CE409A,0x89EE6BFA,
	0x89FDD223,0x8B248949,0x8BAA7DDB,0x8BBECE44,0x8C2F58F6,
	0x8C7BFED5,0x8C7E9CFE,0x8CBE5957,0x8D06783C,0x8D1B2C8E,
	0x8D4F78CA,0x8D76F872,0x8DAD8759,0x8DD81B4A,0x8E0C2B28,
	0x8E1EBFF3,0x8E561E44,0x8E7B25F4,0x8EE3FDA4,0x8EFC11D8,
	0x8F0C74C0,0x8F386E7D,0x8FA71912,0x8FB013E9,0x8FCA6EA5,
	0x9055FBEC,0x916788AC,0x918F80DB,0x91CA3FCE,0x9239B3EB,
	0x92E93C87,0x92F6AC10,0x92FA83EA,0x93FE2B84,0x940D2901,
	0x941D725E,0x948C2A84,0x949C43C7,0x94F7AE6E,0x95246232,
	0x965DBAAA,0x969A2F5D,0x969A5113,0x972F31CF,0x976AD293,
	0x97C2EDAD,0x97CFFF00,0x980657A6,0x9844D83D,0x98E4CAE9,
	0x994EEEDA,0x99844DE4,0x99D1D18A,0x9A095CC2,0x9A208AFC,
	0x9A20D7F7,0x9A58330A,0x9ABE448C,0x9B645C1F,0x9B6744B9,
	0x9B786583,0x9BC44577,0x9CD85BFB,0x9CFE9C86,0x9CFF5F69,
	0x9D2DD8D3,0x9D69A2BC,0x9E1A35F8,0x9EB05F96,0x9EEA15ED,
	0x9EF89A99,0x9F7E2464,0xA07CC26D,0xA0A2B525,0xA0B5D820,
	0xA0BAF3CF,0xA15448CB,0xA17582C5,0xA26245AB,0xA269572A,
	0xA2B3AE98,0xA32A2410,0xA372565C,0xA4120460,0xA4122A71,
	0xA576A38B,0xA594CE9E,0xA598F2CB,0xA6818B2A,0xA77B5313,
	0xA788CC1B,0xA7A8CF36,0xA7C97348,0xA7D66FC1,0xA87AD5B9,
	0xA9A401E6,0xA9B6F8C4,0xA9CB31C1,0xA9D7E2BF,0xA9DCD4B9,
	0xAA234E0A,0xAA528BBD,0xAA95CF24,0xAAAA6E74,0xAAD5FB16,
	0xAAF03869,0xAB607A9F,0xAB9C65F4,0xABFE6A54,0xAC32D6BF,
	0xACC4863B,0xAD09683A,0xAD3FD164,0xAE789C10,0xAE7DFF46,
	0xAE9500DF,0xAEF28A93,0xAFD07E18,0xAFD5E320,0xAFF9E37B,
	0xB09696C9,0xB0BF0EEF,0xB0DBFB75,0xB10349EF,0xB1C91A6C,
	0xB25E9CB2,0xB2C4DA12,0xB2F1CDBC,0xB340265A,0xB3C2442C,
	0xB3F4B0EC,0xB43F485E,0xB43FA6A6,0xB49DA053,0xB55A77C9,
	0xB7FB74BA,0xB890EAE5,0xB8974EB6,0xB8F45D0A,0xB94326D6,
	0xB94B507C,0xB9545531,0xB9CD7506,0xB9DDA957,0xBA0D6076,
	0xBA22EDCE,0xBA2E8B15,0xBA92939C,0xBADE7754,0xBB1813D6,
	0xBBA07969,0xBC2A9212,0xBC4B880E,0xBC625D63,0xBCA3F771,
	0xBD0E4187,0xBD50152E,0xBDC1FEF4,0xBE1380B6,0xBE249568,
	0xBEDEE5A6,0xBFA2F185,0xC014C1C2,0xC09DCB5E,0xC0CDA5E9,
	0xC1020FF2,0xC116B907,0xC1E0FAA6,0xC2A08961,0xC4282C05,
	0xC473970E,0xC4AD674F,0xC4F58002,0xC50A7E9D,0xC5AD8CF2,
	0xC5E9B885,0xC5F24BBE,0xC614AFEF,0xC6D2CBCC,0xC744F112,
	0xC7851E19,0xC7D9ED6F,0xC80366AD,0xC827842E,0xC8C36F6C,
	0xC95098C3,0xCA4BF71C,0xCA4D5505,0xCAFEE020,0xCB47F557,
	0xCD04D0CF,0xCD179DB6,0xCD1BC7A8,0xCD2FA84D,0xCD62B598,
	0xCD7A34B1,0xCDD358A4,0xCF141154,0xCF1A1F1A,0xCF3D2221,
	0xD002A19C,0xD00D3C15,0xD01361A9,0xD0E85435,0xD124E070,
	0xD173FA5D,0xD1974FE0,0xD26228E4,0xD29A9B48,0xD2C0FC3C,
	0xD2CDE1D7,0xD37BAA6B,0xD3F6DF05,0xD532D713,0xD5A329A3,
	0xD62A226B,0xD666CF03,0xD7A1EF1D,0xD7C54947,0xD896F198,
	0xD9C94E65,0xD9D5611B,0xD9DA2793,0xDA8561BC,0xDA8F269E,
	0xDAD93939,0xDC0DA77C,0xDCAA6BB9,0xDCF16BF7,0xDD58BB97,
	0xDE59724E,0xDF2F427E,0xDF34E718,0xDF3F15F3,0xDF995295,
	0xE01ED6F5,0xE1B94509,0xE1E02067,0xE1E54227,0xE1EC055A,
	0xE2005D1F,0xE2308287,0xE2477BA6,0xE2A8E59D,0xE3366029,
	0xE36803CD,0xE36E4394,0xE37E0D13,0xE38B7A07,0xE3B16081,
	0xE3B92D52,0xE3F12FF2,0xE46B39ED,0xE55E4F7F,0xE56A22F4,
	0xE5B38228,0xE79BEDAE,0xE7CDC11B,0xEAA7F99D,0xEABFD665,
	0xEAFD8A4A,0xEB360E64,0xEB72761C,0xEC24B5D0,0xEC780781,
	0xECCB45CA,0xEDBD708B,0xEDD21C0E,0xEF288742,0xEF7A75AC,
	0xEFC59BC6,0xF009E433,0xF0B25E6D,0xF12DE0B8,0xF14A010A,
	0xF1720AA2,0xF191564E,0xF1E041A5,0xF1FD86A4,0xF2920CC0,
	0xF3046311,0xF30FEAE2,0xF311E7BA,0xF50220C5,0xF59BDA98,
	0xF5A60D53,0xF5AD0FA7,0xF68D708E,0xF70A904A,0xF76E019A,
	0xF77CD506,0xF8764861,0xF89BF759,0xF90172E8,0xFA506620,
	0xFA6DA36C,0xFA736FA9,0xFAE01985,0xFBA04F60,0xFC41560E,
	0xFCEF22CF,0xFCFB31EE,0xFE82A25A,0xFF012AB3,0xFF8B3C13,
	0xFFF383B7,
	// Pants (0X7A0945B8) - 1091 items
	0x006EF59F,0x007F3E45,0x00AB17B6,0x00ADF463,0x00B36372,
	0x010051C7,0x01139CCF,0x0113B76C,0x017343A4,0x01AE548B,
	0x01CF58C7,0x01D3B7AE,0x01D85F2D,0x025DFF55,0x02AC5A8D,
	0x02C2AA7B,0x02DB71F1,0x02DD30BC,0x0322139F,0x0349085A,
	0x038C1B3F,0x03B97799,0x03C9ADC2,0x04510878,0x04890631,
	0x04EAFECB,0x050D60ED,0x0545D092,0x056B5F51,0x05D8B596,
	0x065E6F27,0x066DB023,0x068521B0,0x068BD98A,0x06907542,
	0x06C279B3,0x06C370A6,0x06FB0266,0x07514F0C,0x0793F772,
	0x0798AA63,0x087119F8,0x087E0769,0x08D1E241,0x08E351D1,
	0x0913F63D,0x09D35798,0x09EB6074,0x0A1B5349,0x0A21B426,
	0x0A750034,0x0A7F56D4,0x0A88EC5A,0x0AC4D30C,0x0B09B1CC,
	0x0B0FEB0A,0x0B1ED095,0x0B3C55D0,0x0B42E717,0x0B756F8B,
	0x0BBA0A77,0x0BE08C58,0x0C260482,0x0C2DC23C,0x0CC26DE9,
	0x0CFDA048,0x0D03D926,0x0D1129BC,0x0D9E5DC5,0x0E1208D6,
	0x0E235978,0x0E2A41AB,0x0E5E7EBC,0x0E85F9A1,0x0EB22B92,
	0x0EB596C5,0x0F25B2BB,0x0F4933F6,0x0F85031F,0x0FC6DDDA,
	0x0FE647CC,0x1033C060,0x103D9501,0x106E3B84,0x10777E8C,
	0x10A11A3D,0x10A7EFBB,0x10B65F6E,0x111A5E9B,0x11354899,
	0x1145C794,0x114B1F63,0x11EC197D,0x11FE25C4,0x1287CEF4,
	0x12D463B0,0x1331FADE,0x1395EFA0,0x139A7863,0x143CDC7B,
	0x147EFE32,0x150807AD,0x1526EAB7,0x154DFFC4,0x156C6CAE,
	0x156D4724,0x15ECA9EA,0x164E9145,0x165A9CDF,0x169E4BBE,
	0x169F8F4A,0x16D66E73,0x1700ADD7,0x17048555,0x17686CD2,
	0x18533E01,0x185655A2,0x18725277,0x18D219C5,0x193FA872,
	0x1945CE44,0x19689676,0x19CB5254,0x1A0CD667,0x1A50F4AC,
	0x1A6D27DD,0x1A97ED82,0x1AF879E2,0x1B7E0DDA,0x1C773248,
	0x1CE1741A,0x1CE7D9B2,0x1D01A639,0x1D1777B1,0x1D7E345A,
	0x1D8ADDD1,0x1D9655D4,0x1DC42FF8,0x1DDA04F5,0x1DDC1E22,
	0x1E57F916,0x1EC30917,0x1ED336A1,0x1EF36415,0x1F0A4461,
	0x1F7BABAD,0x1F8FBBEC,0x1FBA61B6,0x1FBCC141,0x1FD482F9,
	0x1FD4AC5B,0x2035CD17,0x20456A6F,0x2049FDC5,0x205D1C26,
	0x20E2DF33,0x20E7A8B4,0x20F99A9B,0x2126A458,0x213C96BF,
	0x216612F0,0x21A36B46,0x21BEA792,0x21CCB93E,0x21FCD89B,
	0x2227ABC5,0x225EEA60,0x2276F610,0x227A64ED,0x22D36219,
	0x22E7E81D,0x2305AAAD,0x23088965,0x23175389,0x231D150F,
	0x2324081D,0x2348562A,0x236A6C2B,0x23B41BD0,0x245D8FD5,
	0x24C90A58,0x24E388D9,0x259B8DF8,0x25E8920B,0x262B1D80,
	0x262F8BB6,0x2632C994,0x269A29C9,0x27043E32,0x2776330F,
	0x27AB32FB,0x2800212A,0x280AAD7F,0x285F3566,0x2868ACD3,
	0x289D46DF,0x28A233AE,0x28D08BF8,0x28EC8349,0x2902EF88,
	0x291B0190,0x2965D2A1,0x2A07E0BB,0x2A14E8CF,0x2A15EF5D,
	0x2A69176A,0x2AE70AB5,0x2B049455,0x2B3C3502,0x2B41793E,
	0x2B59F15B,0x2B676B3E,0x2B7A1F6C,0x2BAEAFCA,0x2BF95796,
	0x2C2BA198,0x2C38F42A,0x2C92A26A,0x2C93BC1C,0x2CBE5044,
	0x2D7B5C2E,0x2D981B3A,0x2DAAF800,0x2DD199A4,0x2E14D948,
	0x2EB09AE3,0x2F277BBC,0x2F659E51,0x2F94748C,0x2FB3C6E1,
	0x2FD7303F,0x2FF67EAA,0x303461A0,0x30616F46,0x316987DF,
	0x318D40B7,0x319AD346,0x31B8BABD,0x31C2CF09,0x31D4038A,
	0x31E0BC31,0x32485AFD,0x3277DF88,0x32859ACA,0x3299A445,
	0x32B63E14,0x32C2E2A4,0x32CFC405,0x332E1BA4,0x332F851C,
	0x3339E340,0x3383A8DC,0x3391A17A,0x33C27C26,0x33CC2599,
	0x33FE4F72,0x342C4C7B,0x345D5570,0x34EF38B3,0x350FF77A,
	0x354B2DEA,0x35661BF2,0x35778AEF,0x35F9C75F,0x360E300D,
	0x365F8909,0x3682AB51,0x36856A39,0x36AD51FC,0x36D32CFD,
	0x36D94A27,0x3774ACEE,0x3784B1A1,0x37BE4CEA,0x3819257A,
	0x382E2CDA,0x389AB19E,0x3939E6E3,0x39BE63A6,0x3A2A1845,
	0x3A99C65D,0x3AACBDD1,0x3ADD9BE9,0x3AE1A51D,0x3B1DD2D0,
	0x3B72992C,0x3B9A9383,0x3BD8E3E7,0x3C031D16,0x3C2A4C9A,
	0x3CA438C1,0x3CDB5E5E,0x3CF2D808,0x3D25DC8D,0x3D934D80,
	0x3D9C53E0,0x3D9D386B,0x3DB55248,0x3DC32096,0x3DFE397E,
	0x3E67E0E4,0x3ED4733F,0x3F8AD36A,0x40277AE7,0x407FBAAC,
	0x4137BFFD,0x4150C023,0x415803E7,0x415E5191,0x4178CA0B,
	0x418521C7,0x4195FAC6,0x4196C12E,0x41A5E7F1,0x41DE8DBD,
	0x41E69EFE,0x42FF49EF,0x432048D8,0x4356E44A,0x435E5E08,
	0x4392A707,0x43BA672D,0x43D1FE10,0x4440A4F3,0x44533E65,
	0x44BCF62F,0x44C39E2C,0x451BD071,0x45275EB6,0x455C48BD,
	0x45E582EF,0x462780D4,0x46390E3D,0x46B12D62,0x46FABF1B,
	0x47F9586A,0x4811627C,0x485FF561,0x488686B7,0x48D1B3F0,
	0x48F40EB4,0x494E469D,0x49B46071,0x49C4C4AF,0x4A8313E2,
	0x4A8ADF9A,0x4AAB1335,0x4AB532D7,0x4AD53F8E,0x4ADD8B63,
	0x4B960B9B,0x4C2F9163,0x4C96BD1E,0x4C9CFDE1,0x4CCD8B85,
	0x4CD4763D,0x4CFE7D1B,0x4D348A92,0x4D92F203,0x4D9E3D83,
	0x4E48DCFA,0x4E931EED,0x4EA4F8B5,0x4EC80233,0x4F61F76B,
	0x4FEFBC2D,0x4FFCB9BE,0x5043625B,0x506E3271,0x50F2C0A2,
	0x50F58641,0x5151D24C,0x51DB8BDB,0x520C03D8,0x520D7285,
	0x524000CC,0x5258E91D,0x528D6366,0x5319A76A,0x531BF50C,
	0x534B6758,0x536D2037,0x539B73D3,0x53B53C0F,0x53B95CBA,
	0x541C1153,0x54695E85,0x54C10822,0x54D7370C,0x550187B0,
	0x5511ED73,0x556DCABD,0x5587FF77,0x5589DA6D,0x55D20938,
	0x55EA980A,0x562B4787,0x564648DA,0x565DC762,0x5664D0BA,
	0x569FAA0B,0x56BB5575,0x5810CD8E,0x5810D531,0x58584555,
	0x58649912,0x58783F1D,0x58A3DB2B,0x58E11937,0x591F523E,
	0x59772773,0x59812C00,0x59B06486,0x5A8AA6FF,0x5B006A01,
	0x5B1BE5E4,0x5B5B99B3,0x5BE4B990,0x5BF04C5B,0x5C0AA39C,
	0x5C41B75F,0x5CA52E2A,0x5D389E93,0x5DCAD55A,0x5E2419E8,
	0x5E82A1A8,0x5F032FEC,0x5F3A9BE2,0x5F622EED,0x60451FCC,
	0x61970132,0x6206AD0C,0x6217A19C,0x6275A290,0x629831E5,
	0x63621F3C,0x6390A36D,0x63BE55A9,0x64011670,0x642362ED,
	0x64262FFE,0x6427BDF3,0x642F1CB9,0x644C06E3,0x647FFE47,
	0x64E1189A,0x64E75E3D,0x64F9805A,0x650B4310,0x65B3C111,
	0x65B94CA9,0x65C2B4A0,0x664430DA,0x665A0AFE,0x669B144F,
	0x67006A4A,0x671F6E20,0x67232E06,0x673CBE1A,0x678C8963,
	0x67A0299F,0x67FD8E01,0x6808ADA5,0x6811D66F,0x686578C9,
	0x686A74C5,0x689F80EF,0x68AB109A,0x68B93DA7,0x68C8437A,
	0x68CA1EB7,0x68F3071D,0x692B4BB3,0x698EC7B7,0x6A074893,
	0x6A2530B6,0x6A8623E4,0x6A9FFA4F,0x6AF336D7,0x6B16CF2B,
	0x6B4C2C8C,0x6B7F4B6D,0x6B9EB97E,0x6C927572,0x6CC1CB69,
	0x6CEAC21E,0x6CEED240,0x6D051960,0x6DADEFD6,0x6DE0DA9D,
	0x6E5904DD,0x6E91E9CE,0x6ECDBFA1,0x6F261BF5,0x6F449729,
	0x6FDABD55,0x7011504B,0x70C67227,0x70FCF026,0x711D7D6B,
	0x717CC0A6,0x71C58D6D,0x71CBE9E3,0x730A7AB9,0x7342CB28,
	0x734C4AB4,0x738EB58B,0x73A0FBB0,0x73E88545,0x73F18BDB,
	0x73F9DD9B,0x7449D008,0x745F352F,0x749BCDD8,0x74D95CB8,
	0x74EBB0F0,0x7561CA83,0x75644113,0x75A700EC,0x75BC0CF5,
	0x76432A8C,0x76628D1F,0x76C8508C,0x76FEEF34,0x770C9324,
	0x774537CE,0x77B5E8C8,0x77C2E16B,0x77F1658C,0x7806900A,
	0x78232DC7,0x783BC4DE,0x788D5CA1,0x78A84CC7,0x79095634,
	0x79406816,0x79446B86,0x79698F83,0x7A0BC2EF,0x7A7B9EDD,
	0x7AA50F12,0x7ABB18B8,0x7ACA2FDE,0x7AE0AB73,0x7B011FFD,
	0x7B15429B,0x7B3D2BB1,0x7B411B6E,0x7B6DD9F5,0x7B795592,
	0x7BBFF750,0x7BF136F3,0x7C3C4518,0x7CC15727,0x7D36F015,
	0x7D4FC90D,0x7D4FEF0E,0x7D8DEFA0,0x7DA5A6D8,0x7DBA3C35,
	0x7DF9BDC7,0x7E442DAD,0x7E4D1C99,0x7E4F728C,0x7E8FACCF,
	0x7EF7B514,0x7F54A0ED,0x7F927E00,0x800729F0,0x8077DE5C,
	0x8079C027,0x80A42973,0x80BC8054,0x80C109A4,0x81C220F8,
	0x82356217,0x8279DA1E,0x82BA7E6E,0x830EFAB7,0x83A0B69A,
	0x83CCEFE2,0x83EFE42B,0x841BAAA3,0x84439F63,0x848A471A,
	0x849CC38F,0x84C4841C,0x84D1C059,0x850EEE39,0x851A6ED7,
	0x85336F07,0x8542E1D0,0x85520417,0x857C6AB8,0x85C82F88,
	0x85D64FA0,0x85FC5311,0x86484BD0,0x864AF81C,0x866B613D,
	0x86874F95,0x86F56B8F,0x870F7593,0x87DCD308,0x887482CE,
	0x8876A64B,0x888DF417,0x88BD3B60,0x88DA1E62,0x88F3ABAF,
	0x894AF5AF,0x89FAB8E1,0x8A453487,0x8A65CD6B,0x8B03961D,
	0x8B217A64,0x8B4A5FD8,0x8B598C9C,0x8BF2D8A6,0x8C556782,
	0x8D2A1A24,0x8D484472,0x8D7244C7,0x8D8A7881,0x8D9457A1,
	0x8E4346DC,0x8F2FC1A1,0x8F7F7D9E,0x8F8ABF14,0x8FE44F78,
	0x907FC92A,0x90BA456C,0x90E6861E,0x9191863C,0x9205AC2D,
	0x928E645C,0x92C8E397,0x933020F3,0x939733DC,0x93C34E17,
	0x93D31C85,0x93DD9007,0x93FF80A1,0x94599D3B,0x945A8CD6,
	0x94D2CEB0,0x952195C5,0x95270C53,0x9631F4DA,0x9645C657,
	0x966EC6A5,0x96818FFE,0x9698878F,0x969A7083,0x96B9E2AA,
	0x96D20478,0x977FF68E,0x97B8F8B5,0x97F79812,0x981E9864,
	0x982D8CD2,0x9842F6BE,0x98B7912E,0x994AA83E,0x99910D7C,
	0x9A456556,0x9A5735E4,0x9A6BA7DC,0x9A7A106A,0x9B1ECBDB,
	0x9B43E06A,0x9B8514AE,0x9B852E2D,0x9C2995B7,0x9D3F191D,
	0x9D592BD2,0x9D7689C4,0x9DD1B63E,0x9DF1AF14,0x9E2CF6A3,
	0x9E636C1F,0x9EB6B302,0x9EC1DFC9,0x9EFC74D6,0x9F161362,
	0x9F192283,0x9F3AFDA9,0x9F87E30F,0xA066640E,0xA0DC72DD,
	0xA0EF165A,0xA15D9F06,0xA16206B7,0xA16DE6D3,0xA1E505A1,
	0xA22579D1,0xA25EDE89,0xA27AD48D,0xA2E4314A,0xA34320E0,
	0xA3A3F2AD,0xA3E17772,0xA3FA2693,0xA4206208,0xA42DD07D,
	0xA47762BA,0xA486A716,0xA4DCC6CA,0xA4EFF20A,0xA51A8AFD,
	0xA51B4C48,0xA5381078,0xA5532C9F,0xA598AE5B,0xA5C2AA20,
	0xA603287D,0xA6EFF95A,0xA7033700,0xA70C2BBC,0xA7503D56,
	0xA75C0757,0xA79CB35A,0xA7A6F2EB,0xA92781AB,0xA95966E3,
	0xA9620F2C,0xA96B52AE,0xA98929E6,0xA9964DC7,0xAA3B85F4,
	0xAA3E3C9F,0xAA4ACBB8,0xAA613CE9,0xAA78218F,0xAAA8BD9D,
	0xAAD3330A,0xAB514B81,0xAB6A9A23,0xAB6D5810,0xAB9F4327,
	0xABCFB315,0xABE56D68,0xACE24C13,0xACE5263E,0xAD02B157,
	0xAD13BD40,0xAD1D996E,0xAD34BEE5,0xAD48F805,0xADC0CE86,
	0xADE1B0F9,0xADE2EB8B,0xAE58BC70,0xAE805172,0xAEB18ED1,
	0xAF9BA10E,0xAFB13BAD,0xAFBB9F83,0xB01C1D77,0xB025A2D1,
	0xB096B1C0,0xB0B6458D,0xB1063931,0xB155C517,0xB1E2C264,
	0xB1FB4F78,0xB215CD41,0xB22113F1,0xB253ADEA,0xB2BE5B25,
	0xB2C0B2A7,0xB2D94229,0xB314D80E,0xB316DE50,0xB31EDAC5,
	0xB3250E43,0xB33B0117,0xB365A793,0xB369E8E5,0xB38A82CF,
	0xB3977466,0xB3A12B35,0xB3F6D039,0xB3F87D4E,0xB41E9A5E,
	0xB42899B7,0xB4354B83,0xB4EF2FE6,0xB57BAA40,0xB6215765,
	0xB65BCA1B,0xB77BE61A,0xB7B4FF01,0xB7B7ABD7,0xB808EAAC,
	0xB86D8548,0xB87F227B,0xB9216721,0xB97D4D58,0xBA42D68A,
	0xBA771A46,0xBA8C46C8,0xBABD0AD7,0xBAE61BF0,0xBB2DF633,
	0xBB9D197F,0xBBF91CE9,0xBC220DA5,0xBC4CC5BF,0xBC52F1A2,
	0xBC762A5A,0xBC9B58F5,0xBCB6DDBE,0xBD10F00A,0xBD4417FB,
	0xBDAAB42E,0xBDD83AE3,0xBE2F3FAC,0xBEFB1393,0xBF0D556C,
	0xBF7CA403,0xBF96674F,0xBF98EAB3,0xBFAD3FED,0xBFC224DC,
	0xBFCFC707,0xBFDB8F7C,0xC00E495F,0xC0414F95,0xC067E54B,
	0xC0A539E9,0xC1D6F592,0xC1EA87E3,0xC25467C1,0xC281E17A,
	0xC28FB92E,0xC29455BB,0xC29B79BE,0xC2ABC1BF,0xC2C9F5B7,
	0xC33B60D4,0xC3A76A49,0xC3B42322,0xC3F270DE,0xC3FFC248,
	0xC4BDBF38,0xC5B14113,0xC5D2B149,0xC6101FCF,0xC6C421F5,
	0xC7653E79,0xC7BF4EC7,0xC7D0E9FB,0xC7D65C20,0xC7DFFC61,
	0xC7E10BFA,0xC80B363A,0xC80DD9A0,0xC8379176,0xC8C4DE24,
	0xC91F1A5F,0xC93998C1,0xC95AF059,0xC9735379,0xC984B800,
	0xC990486A,0xC9B11577,0xCA113C38,0xCA9DFD87,0xCABA1785,
	0xCB35ABCC,0xCBF3C90B,0xCC1576C5,0xCC30C9CF,0xCC9E4321,
	0xCCADC341,0xCCB6BBB2,0xCCC70F34,0xCCE2BFF5,0xCD26D78C,
	0xCD594C2F,0xCDC411F6,0xCDC7B43E,0xCDD7E8D5,0xCDFF106B,
	0xCE331128,0xCE3D5CE5,0xCEA5B609,0xCECCC215,0xCEFCE401,
	0xCEFD6664,0xCF071116,0xCF07E202,0xCF699C03,0xD00D4014,
	0xD09CEA7C,0xD18E9E59,0xD1B7A09F,0xD21F6387,0xD25EB482,
	0xD2961057,0xD2D1DE42,0xD2D3F63A,0xD2E52DA6,0xD2EEA712,
	0xD30C9254,0xD358CDC4,0xD387F3AA,0xD3E566EA,0xD4187023,
	0xD4591DA8,0xD4DA3975,0xD50D1A3D,0xD51C0D93,0xD5488CFC,
	0xD56FDA8E,0xD589240E,0xD59C8062,0xD6404721,0xD645D2AF,
	0xD6592258,0xD6624A37,0xD681C260,0xD68CF98D,0xD6E89A88,
	0xD75D8A30,0xD7BF5469,0xD7C1D2C4,0xD7C2B19A,0xD803E5B8,
	0xD80BB228,0xD820ECA9,0xD878CABC,0xD9531140,0xD9641720,
	0xD9B51108,0xDA07FB77,0xDA9C899E,0xDAC999A9,0xDB35BE8C,
	0xDB93E8A4,0xDBCEF808,0xDC39330C,0xDC458529,0xDD612F49,
	0xDD77F38E,0xDDE363DC,0xDE0A6D38,0xDE265E8F,0xDE49F9D2,
	0xDEFAA060,0xDF060F3B,0xDF33635D,0xDF56B51B,0xDFD0BF78,
	0xE052B53D,0xE0599786,0xE0A32124,0xE0E3FEB6,0xE1030BAD,
	0xE16F37D4,0xE1AC5FCC,0xE1B0027F,0xE1B0ABFF,0xE206020E,
	0xE24FE499,0xE267DA6C,0xE2B41FC1,0xE2EA29F8,0xE351A218,
	0xE37A064C,0xE37FED23,0xE3CFC09B,0xE446AC2A,0xE44DD860,
	0xE4BD3DE7,0xE5278781,0xE542474A,0xE565E56C,0xE5790875,
	0xE5EB6137,0xE5FB2F16,0xE65C7ED9,0xE65FF1AA,0xE688DCD2,
	0xE6AC5AB4,0xE6B3ED4B,0xE792A3A0,0xE7A34B43,0xE7BA249D,
	0xE7E5720D,0xE7FA83F7,0xE8048AED,0xE83A4378,0xE882C64D,
	0xE969AA1C,0xEAA341FD,0xEB6FF0A6,0xEB87CCBB,0xEBF54E58,
	0xEBF639F8,0xEBFE18C3,0xEC4E293A,0xEC66FE25,0xEC87D3A9,
	0xEC8D1636,0xEC983D46,0xECBA9D67,0xED01EF60,0xEDEEF851,
	0xEE2F8E62,0xEE70E502,0xEECF5A6C,0xEF57B314,0xEF794B2D,
	0xF06143B8,0xF0F7D787,0xF154B6FF,0xF15F8501,0xF161CB0E,
	0xF18C8870,0xF19F23A8,0xF1F9155F,0xF1FDE0C1,0xF200C60D,
	0xF21606E8,0xF21ABB08,0xF22279E1,0xF23A729F,0xF24EA220,
	0xF282E4DC,0xF294D831,0xF2BBAC24,0xF2E9C5B1,0xF34FCB40,
	0xF469A53A,0xF486DE9A,0xF4920EC7,0xF4E5C09E,0xF4ED4433,
	0xF5280C9E,0xF556D2CF,0xF675AA1D,0xF686097F,0xF6B32D71,
	0xF6CB08C8,0xF7219828,0xF721BAE1,0xF784230A,0xF7B2ACE8,
	0xF7DEDF72,0xF842C926,0xF8534D3C,0xF87FB057,0xF8A6DCCE,
	0xF907BDB2,0xF94BE82F,0xF96512AD,0xF98B43A8,0xF9CDB0D9,
	0xF9F8A51D,0xFA2F1C5E,0xFA5B357D,0xFA5F5729,0xFAE94B53,
	0xFB0CF2E7,0xFBDA0C5A,0xFBDE0468,0xFC339BAF,0xFC5CE570,
	0xFC74B7FC,0xFCE54836,0xFCEE3BB2,0xFCFF1362,0xFD3A5464,
	0xFDEC1791,0xFE113A6F,0xFE23D7BC,0xFE5CC00E,0xFE631136,
	0xFE6E5D64,0xFE97037B,0xFEC8DB2F,0xFF1B7B66,0xFF423DA3,
	0xFF9ECFDB,0xFFA08D6F,0xFFBBA958,0xFFC3A243,0xFFEE1C87,
	0xFFF64C8A,
	// Boots (0XCDFBBB30) - 1563 items
	0x0016BF0A,0x004DE798,0x0078B91E,0x007A6156,0x009F5E0E,
	0x00AF3465,0x00F8E9E5,0x011D5DE0,0x0149B136,0x0168BC01,
	0x0173C28D,0x0186D200,0x019ADA9E,0x01AEBC0B,0x01D890F1,
	0x01FCAA21,0x0214400F,0x02209850,0x0224B75F,0x024AC372,
	0x0271C457,0x02D3D8CE,0x02E748A1,0x030BED3D,0x035C87ED,
	0x0395F7F3,0x03B798BA,0x03E13487,0x042671D6,0x04454B51,
	0x047960E8,0x048FFE11,0x0498C261,0x04D1ED42,0x04E5CB70,
	0x05308A6A,0x054BC791,0x055D17A0,0x058F9C97,0x059BB1E6,
	0x060F172B,0x061E2F1D,0x0629B194,0x063D5611,0x066331AF,
	0x067D6F1E,0x0691470D,0x06994606,0x06A2B9E5,0x06F37886,
	0x07134084,0x07248C64,0x072A0150,0x07CEE7F1,0x0818983A,
	0x0825A807,0x08786B51,0x08D3182C,0x08E15FE6,0x08E944E8,
	0x092F9C3A,0x0939BB82,0x094B37E9,0x095265C0,0x095D1462,
	0x09DBDB6A,0x09ECA524,0x09FEA1CF,0x0A19AE06,0x0A2BCB1A,
	0x0AB16318,0x0AB3F3BF,0x0AD88C6E,0x0AE0D2B7,0x0B076E66,
	0x0B0CE90E,0x0B17D9EF,0x0B2B824E,0x0B3A8708,0x0B45FEFC,
	0x0B74107F,0x0C13D14F,0x0C19DCB7,0x0C6C767D,0x0C6D07A9,
	0x0C6FD18D,0x0CB0EA6B,0x0D03D522,0x0D10A3A9,0x0D1DC700,
	0x0E3A789B,0x0E5FB374,0x0EB13E05,0x0ECD4A73,0x0ED9FA83,
	0x0EE3F96D,0x0F3606E0,0x0F5400E7,0x0F7EC278,0x0FDB263C,
	0x0FEC4B43,0x1002199A,0x1008013E,0x103BB627,0x10428984,
	0x104AB472,0x10A4F470,0x10ABF0D8,0x10E40F4E,0x11044269,
	0x114F9366,0x115D47FD,0x116F89CA,0x118E4944,0x119D4929,
	0x11A11C2E,0x11A54C6A,0x11B7CAB1,0x125F2038,0x12C65DB9,
	0x12CB6473,0x12D1C21E,0x12F962EC,0x131BBCE7,0x134D7E03,
	0x13597820,0x138B28BE,0x139F347E,0x13CD768D,0x13E70C5F,
	0x13F46ABB,0x141281DC,0x14674A6B,0x14683CDF,0x1470CE34,
	0x14955E02,0x14D8E285,0x151EAB71,0x152E6C48,0x15581CBF,
	0x156828EB,0x15E08C22,0x16644E3C,0x167E2D05,0x1696E043,
	0x16BDB756,0x16F1960A,0x16FCED9F,0x170C3806,0x17343501,
	0x176667FC,0x1781880D,0x17928247,0x17FB33E1,0x1812B30C,
	0x1832A361,0x184A55B9,0x189227AA,0x18E2430F,0x191B28F3,
	0x191F0FE6,0x192C2A4B,0x195A47E0,0x1983444E,0x19A310DD,
	0x19A384B4,0x19C0E5DF,0x19E17B75,0x19EB1B3D,0x1A0A710A,
	0x1A2E47FA,0x1A3F3C87,0x1A667B0A,0x1A6EA717,0x1A92FF39,
	0x1AC70D83,0x1B3EFDA7,0x1B5171BD,0x1B7D63BF,0x1BB1DE12,
	0x1BCE1200,0x1C0B7ADB,0x1C46F285,0x1C716FA5,0x1C9E2533,
	0x1CA51B6D,0x1CCEE58D,0x1D04BFFA,0x1D46CE6A,0x1D8867E9,
	0x1E08E51C,0x1E317510,0x1E3AA477,0x1E55EA87,0x1E862BDB,
	0x1E9E514B,0x1ECA005A,0x1ED5D45F,0x1EF2B6A3,0x1F44CC5B,
	0x1F5A64A3,0x1F5C066E,0x1F76387A,0x1F99C5B9,0x1FC0B86D,
	0x1FCD72F2,0x201930F9,0x201F54EF,0x20D85860,0x20F1667B,
	0x2142C56C,0x21C0BD17,0x2236EFD8,0x2242A5B3,0x2243222E,
	0x228E165A,0x229E9FD4,0x22B62CE4,0x22DF1245,0x22F3FABF,
	0x230B6987,0x23156B7D,0x232D2D45,0x23F56F2C,0x243D8150,
	0x2455632C,0x2487EA83,0x24CBC01D,0x24F10BCD,0x24FD7F3A,
	0x254948D2,0x25495480,0x256489A5,0x257D9CE3,0x25A55525,
	0x25B0A65F,0x25C52541,0x25C9CD3B,0x25DC3EAB,0x2679AC3C,
	0x267D2A91,0x268C3A9A,0x26D31D2A,0x27449248,0x279A840C,
	0x27AE38FD,0x27C604C3,0x27FF17F4,0x28A567FA,0x28A63FAB,
	0x28C08E7A,0x2903520F,0x2924D60F,0x29289C65,0x29907845,
	0x299D8BF8,0x29F57A99,0x29F83613,0x2A01AB6F,0x2A4B1F4A,
	0x2A63DFD4,0x2A72FB29,0x2A92455D,0x2ADEDCF1,0x2AE531F0,
	0x2B27BDB6,0x2B39DA06,0x2BB1FFBC,0x2C066D38,0x2C2D6C37,
	0x2C5648E7,0x2C9B9C09,0x2CB08313,0x2CC9DE4E,0x2E4201CC,
	0x2E9CE93B,0x2EA6B02C,0x2F661763,0x2FC68841,0x300CE1C1,
	0x30539D9C,0x306ABB74,0x30723B7B,0x307DC92E,0x3089A3E5,
	0x30DF86AF,0x30F1B266,0x31B8DCFF,0x31BB4E15,0x3210A6E7,
	0x32430B41,0x32C86F7E,0x32CA7220,0x32F97A01,0x3336F048,
	0x333D9035,0x3356D433,0x3389C841,0x33DFE811,0x341BC898,
	0x3450EF27,0x347B9044,0x348E2134,0x34B705E8,0x35003A74,
	0x3530B6E8,0x35548058,0x355EBDDF,0x35AFC785,0x364CEF80,
	0x365C3DF6,0x368615B4,0x369910AA,0x36CB834A,0x3783F3C2,
	0x378E8CEF,0x3797984E,0x37BB73FE,0x37BBDB6E,0x380AB9AD,
	0x38271590,0x38277461,0x3833A59E,0x3851AC21,0x38597BBF,
	0x38772DE7,0x38B4CA64,0x38EE0E54,0x38F340D8,0x39323A5A,
	0x397DC47B,0x39A20DF7,0x39B657FD,0x39FD0852,0x3A17FE2C,
	0x3A6F1972,0x3A7DA081,0x3AAE4CC8,0x3B194911,0x3B5C2F75,
	0x3B67ED55,0x3BC0040B,0x3C05948A,0x3C3C47FC,0x3CB5A21F,
	0x3CCC671A,0x3D5D87DB,0x3D6655CA,0x3D863801,0x3DB4BCC7,
	0x3DDA6C7B,0x3DE76E08,0x3DEDBF9A,0x3E136C5F,0x3E638473,
	0x3E8B73D3,0x3EE513F2,0x3EFE27AE,0x3F07A550,0x3F23EBCD,
	0x3F9485C5,0x3FE32CA2,0x40192E0D,0x405349F3,0x40568254,
	0x40C612F6,0x40F18BC8,0x410EE45C,0x413CB93F,0x414A8DA5,
	0x416BDD3B,0x41700AEC,0x42062CFA,0x42297DE0,0x4230AD6B,
	0x424A1FF8,0x4268A14B,0x427E3DD3,0x42A08906,0x431956B5,
	0x432FFAD1,0x43418B25,0x43BC3473,0x44042D50,0x441C509A,
	0x442C5B73,0x44659C68,0x44789999,0x448E7C18,0x450670F7,
	0x451342E3,0x451793B6,0x4547433B,0x454BD427,0x45C73548,
	0x45E211D4,0x45E23DDE,0x46407380,0x46A35F19,0x46A41032,
	0x46C2B4F9,0x46C8A911,0x46D4EB51,0x46FDB33D,0x471D1D33,
	0x472F8928,0x4753EACD,0x48391E97,0x48394F16,0x4947B607,
	0x49A9D712,0x49BCDB6F,0x49C95D2A,0x49FA22ED,0x4A46C6A7,
	0x4A77E473,0x4B0A3F33,0x4B24D90F,0x4B2CBAED,0x4B516716,
	0x4B87586C,0x4B98F195,0x4BCACAEC,0x4C0B0A88,0x4C9003D0,
	0x4CA21D9A,0x4CAF9C45,0x4CB33AC1,0x4CBC4297,0x4CCB2BB7,
	0x4D0FC31D,0x4D3FCA77,0x4D5CAACE,0x4D8E1B24,0x4DE20176,
	0x4E362308,0x4E36EF4C,0x4E4EDC42,0x4E5E8457,0x4E607B13,
	0x4E6C4B86,0x4E9704F8,0x4EF3469A,0x4F142938,0x4F22177B,
	0x4F247946,0x4FA2A22B,0x4FC8C87F,0x4FD9275E,0x501340D4,
	0x50672AA8,0x506791A8,0x508DF303,0x50BAA670,0x50DDD881,
	0x518F4860,0x51C337DE,0x521A9E14,0x523F0B6C,0x5382AF11,
	0x539830B7,0x53A84FF8,0x53C12D92,0x53CE18F9,0x53F7C2E6,
	0x53FCE0A6,0x5411F92C,0x544E7651,0x54BE8525,0x54F92DB7,
	0x5515E83E,0x5576E024,0x559998B8,0x55A09342,0x55A7C855,
	0x55C73C36,0x55CCEE07,0x55ED8591,0x55F7BA14,0x567811F3,
	0x56803E6A,0x56906647,0x5710BCAD,0x571A98E1,0x5720605A,
	0x573C017E,0x5766B552,0x57C0AAFE,0x586F749D,0x58F50CE7,
	0x594AD9D6,0x5953C8CF,0x597A0C58,0x59AC7FDF,0x59D61AAB,
	0x59DB5F3C,0x5A0F0491,0x5A3D80D9,0x5A4C3D3F,0x5A8FFEB7,
	0x5AA378E9,0x5AE5789C,0x5AFC4BA7,0x5B921E4C,0x5BB8C66A,
	0x5BE77FC4,0x5BE78846,0x5C09DB87,0x5C3A5E62,0x5C427829,
	0x5C994FE5,0x5CAC89E7,0x5D3DB45A,0x5D46A539,0x5D5CC265,
	0x5D6DC7F7,0x5D8BB19C,0x5D99450C,0x5DDCB4F0,0x5E1E2183,
	0x5E2B0D87,0x5E3E7F42,0x5E570E95,0x5E75E60A,0x5E79E5E1,
	0x5E7E1037,0x5E9000DE,0x5EE73C80,0x5EFF28AE,0x5F157083,
	0x5F4C0E1B,0x5F54F8AC,0x5F79541D,0x5FCB0C1C,0x5FE31E18,
	0x600CA5CB,0x60248AFC,0x6032870A,0x60419361,0x60464094,
	0x609E2906,0x60CE74A2,0x6110CEAC,0x616F1654,0x6180C911,
	0x618FB0A4,0x619469D6,0x61A69CF2,0x61F4E544,0x62B6B603,
	0x62F06093,0x62FA8C36,0x631D56E2,0x6325EB3B,0x633B7352,
	0x6344049A,0x63725A45,0x637D2E60,0x638822B8,0x63B59FBD,
	0x63DFD929,0x63EFF0E9,0x63F0A406,0x641250CB,0x64634F62,
	0x6493449F,0x6498D13D,0x649C233F,0x64BDD7A0,0x64CC4C82,
	0x65034393,0x65379827,0x65869B8F,0x65B151E7,0x65C3133B,
	0x65C4D510,0x65C69C99,0x6636F294,0x6680C937,0x66A385DD,
	0x66A58EA8,0x6702979C,0x67333369,0x673BF1EB,0x67491827,
	0x6750478B,0x67B8B012,0x67E4A03C,0x681A709C,0x681DFBC1,
	0x68332C52,0x6846D489,0x6856FDA8,0x6860D453,0x686A6DDA,
	0x688347E7,0x68C13C09,0x6903D89C,0x6920180A,0x6959915A,
	0x6974A5C3,0x6996E497,0x69CABABD,0x69CEF65C,0x69D2FCA3,
	0x6A09E09E,0x6A23970E,0x6A2592CF,0x6AFABCF4,0x6B06632C,
	0x6B4454AA,0x6B7850CF,0x6B843835,0x6B9FECEE,0x6BF3034F,
	0x6BF311D8,0x6BF4B18E,0x6C480429,0x6C4A7FD5,0x6C930213,
	0x6CA642D0,0x6CCCE1E9,0x6D007D78,0x6D1EEFF0,0x6D39C172,
	0x6D45CFC3,0x6DADFCCE,0x6DB0E4ED,0x6DC21B28,0x6DC742F4,
	0x6DEAAB58,0x6DF3526B,0x6E03ADEE,0x6E1A9B10,0x6E4B14C5,
	0x6E4BDAB1,0x6E6EEBD6,0x6E7F1234,0x6E97C921,0x6EDD8FD4,
	0x6F3EE48D,0x6F8DFA7F,0x702A9977,0x70512264,0x708DE4E0,
	0x70BCAB10,0x712BC809,0x71583B02,0x7191A135,0x71F870B7,
	0x72347993,0x72495528,0x7250F549,0x725D74E7,0x726E81E2,
	0x727BABB3,0x72878D6E,0x72B8B5E8,0x72C39DB2,0x735270F9,
	0x738951BE,0x73AF434A,0x741C2CF4,0x74559430,0x74A22461,
	0x74B84E73,0x74BF04FD,0x74E52BA8,0x74EB2D94,0x75069D12,
	0x750CE304,0x752A44F2,0x75B3FEC8,0x7648E61E,0x7654253E,
	0x76653FD0,0x768A0E6E,0x76C78813,0x76D275B0,0x76E4012C,
	0x76E63396,0x7727D577,0x77553F2C,0x777B41FC,0x7790C8D7,
	0x77A9C278,0x77F883F0,0x782DFFEB,0x78351559,0x78971675,
	0x78C16DB8,0x78F234A9,0x791616BF,0x7963F0E9,0x79FF32A5,
	0x7A02028F,0x7A05F807,0x7A092DAE,0x7A13C28A,0x7A31DA19,
	0x7A5135A0,0x7AAB4F5D,0x7B05A1A4,0x7B7879D6,0x7B8C2931,
	0x7B99B96D,0x7BC2496B,0x7C2BE07C,0x7C7AB9EF,0x7C927FA9,
	0x7CC682A8,0x7CD7CC8D,0x7CDC8294,0x7D14A592,0x7D2AA35E,
	0x7D50F61E,0x7D82A9C6,0x7DC9DCC0,0x7DD7B0D9,0x7E325609,
	0x7E89248B,0x7EAAE4BB,0x7EAD86E5,0x7EB89377,0x7ECB9F09,
	0x7ECF5706,0x7F16AB94,0x7F21BE00,0x7F2225B7,0x7F2A57B8,
	0x7F337D28,0x7F589F18,0x7F825035,0x7FBFC141,0x7FD48EA5,
	0x7FD5033B,0x8022A6FF,0x802CDC01,0x8038389F,0x80656CBC,
	0x806D5CFA,0x807D234D,0x8084517F,0x808A3FEF,0x80A64941,
	0x80BCB6AF,0x80CA29F3,0x80E35248,0x8112D739,0x812C0B02,
	0x81774C85,0x81C2EA6F,0x81C675FE,0x81EB1E88,0x81EC7D0F,
	0x8223807C,0x82399243,0x8239E741,0x82C1F44D,0x82DDE059,
	0x831441A5,0x83716C94,0x83724688,0x84130557,0x847234D2,
	0x8475CD14,0x848BDC21,0x849DCC02,0x84A090EC,0x84C063E3,
	0x84DBD793,0x84F89EF8,0x8555F2CD,0x857AC60D,0x857AF87A,
	0x8595CDF0,0x8599E985,0x85EEDF53,0x865338AB,0x8657DF9A,
	0x869D0271,0x86ADFF41,0x86F5AAF0,0x870EE615,0x8789B5BC,
	0x878E9F4D,0x8795E216,0x87E19CDE,0x87E9B87A,0x8813D125,
	0x8839EB70,0x88694E49,0x88AA25AB,0x88DD9E45,0x88E10FE3,
	0x8901E509,0x890CEC20,0x891EA5A1,0x895CE24C,0x89C7D93F,
	0x89D0D49B,0x89F00471,0x89F3DB9C,0x8A4D49C4,0x8A503D8D,
	0x8A6CB84C,0x8A74D646,0x8A81FD04,0x8ABCAA9F,0x8AD91AAC,
	0x8AF24615,0x8AFD1C44,0x8B1AA350,0x8BB4CA6E,0x8C1ABFF7,
	0x8C758159,0x8C772A63,0x8C8699DC,0x8CD77F64,0x8CF0F345,
	0x8D093B84,0x8D39289A,0x8D41F3EB,0x8D482BFE,0x8D4D5A54,
	0x8D5C644F,0x8D745AA5,0x8DC83BF7,0x8DD8426A,0x8DFE747F,
	0x8E852625,0x8E8AE99B,0x8E95A9B9,0x8F237F73,0x8F28BEFE,
	0x8F3C5091,0x8F51760D,0x8F8934C0,0x8FB5F2E1,0x8FB9BA25,
	0x8FF94614,0x8FFD8459,0x90442F13,0x9063CA78,0x90688205,
	0x906B5F7D,0x90A7A281,0x90F0898E,0x913D71FD,0x914989BA,
	0x91A32803,0x91AAB97C,0x91AACBB4,0x91AAFF75,0x91AC6E0B,
	0x91C04F05,0x91F80AEE,0x92514614,0x92B3B4BC,0x92C04AC7,
	0x92DAF637,0x92DEEDB2,0x92F6E591,0x9307448D,0x93095EA8,
	0x933FB691,0x93519F75,0x93795C24,0x939CF62A,0x93A7B3D9,
	0x946124F7,0x958A2F0F,0x958B87E0,0x95BA306E,0x95D36E6B,
	0x960A2FA5,0x96272F37,0x962993EC,0x964E174B,0x969DAB5C,
	0x96CE3DCC,0x96F30C77,0x970E7E93,0x972035D3,0x97950252,
	0x97B08B08,0x97BBE339,0x97F0C157,0x981FB91A,0x98808CDD,
	0x98B2DB1E,0x98D49A1B,0x98DAA6EC,0x98ED594D,0x9921253C,
	0x996F23BA,0x9978D8D9,0x997EDBEA,0x9995CFA4,0x99A50EA3,
	0x99C7E694,0x99D2C74F,0x9A074098,0x9A2C5CFF,0x9A490CE3,
	0x9A722E1A,0x9A7BC85B,0x9AA106A5,0x9AA788F7,0x9AB3FB31,
	0x9AC5BD36,0x9AE308CB,0x9B735C27,0x9B82BE39,0x9B8A5517,
	0x9B938F1E,0x9BA1CBAE,0x9BB91391,0x9BEB45FE,0x9C08385F,
	0x9C120B2D,0x9C9FA534,0x9CA5F010,0x9CB854D3,0x9CC87226,
	0x9CEABFE4,0x9CF2DE78,0x9CF4F9A6,0x9D19C2DD,0x9D1B4B9F,
	0x9D1FEF69,0x9D5384B8,0x9D87DFFE,0x9DA4C9D4,0x9DBC4383,
	0x9DE197AE,0x9E72D797,0x9E75A412,0x9E8BFBBE,0x9EEF5AE3,
	0x9F18E9B6,0x9F3252BB,0x9F874C4C,0x9F920EBA,0x9FBAFD87,
	0x9FF4A7ED,0x9FFA05BD,0xA009F22C,0xA01F1026,0xA02BE8A3,
	0xA08EED0B,0xA091FFA7,0xA1264647,0xA14CA0EA,0xA16E3BAE,
	0xA190EBD4,0xA1B06EC9,0xA1B35914,0xA267420C,0xA2695AF9,
	0xA27FE07E,0xA2859E6E,0xA29A6EE5,0xA2A2ADB3,0xA2EF6645,
	0xA2FB18EC,0xA368316D,0xA3BAAE73,0xA3C43819,0xA413195A,
	0xA4232011,0xA433070C,0xA43B814C,0xA43D7121,0xA4623373,
	0xA4856FC4,0xA4A10C08,0xA4B763FA,0xA4EA252D,0xA500DE00,
	0xA506D7DD,0xA58D09F8,0xA5A1745C,0xA5E419ED,0xA62FF938,
	0xA643D282,0xA64996A8,0xA6623F35,0xA67D1BEE,0xA68248D1,
	0xA6D40EA5,0xA6D4F696,0xA6ED02AF,0xA725C9C7,0xA735F6CA,
	0xA73BF30A,0xA7486B09,0xA74AA63E,0xA75686DB,0xA76301CD,
	0xA79D28EF,0xA7AFC941,0xA80EC0F9,0xA83D5F76,0xA861A226,
	0xA88DA96C,0xA8EB9902,0xA8FDDB85,0xA9112527,0xA9657C83,
	0xA9761A3F,0xA9DFE462,0xA9F45B93,0xA9FF62FA,0xAA0CE241,
	0xAA183BF9,0xAA272757,0xAA6F79CD,0xAA6FB086,0xAA785AFF,
	0xAA8EBCB6,0xAB122035,0xAB123D11,0xABBBDB3B,0xABCDE425,
	0xABE5067A,0xAC125FB7,0xAC216BA6,0xAC44733A,0xAC544AE4,
	0xACCD4087,0xAD2BB9E9,0xAD7FB2F6,0xADB89CCD,0xADBD7F3D,
	0xADC89687,0xAE220F4C,0xAE579B32,0xAE821EC5,0xAE89A4C7,
	0xAEB3EEDD,0xAEB52702,0xAF1FB79B,0xAF55B8B1,0xAF9D0424,
	0xAFCADBCA,0xAFD21BBA,0xB00A681F,0xB00D4741,0xB0207667,
	0xB02F39C1,0xB037871F,0xB043C88B,0xB0608D87,0xB0759EFC,
	0xB0B3FE6C,0xB106A0B3,0xB110EF5F,0xB1757C9D,0xB186E69E,
	0xB19E64C1,0xB1FBCE94,0xB2389F8D,0xB2442444,0xB254050E,
	0xB26EDA14,0xB28027C4,0xB29853FD,0xB2C7A412,0xB2D29111,
	0xB2E8A897,0xB32E0D9F,0xB34B707E,0xB35859AA,0xB35B8CA7,
	0xB35BEFD2,0xB3C54190,0xB3C7ADEA,0xB3C90836,0xB3C9A018,
	0xB406FDBB,0xB4083225,0xB4114889,0xB438BBE6,0xB4748C08,
	0xB475CE31,0xB49276F4,0xB4E4BCBF,0xB5397EC9,0xB5466BBE,
	0xB55F6B0E,0xB56D93F8,0xB57DE4DD,0xB5CF62AB,0xB5E58099,
	0xB60A4577,0xB62EA132,0xB639798D,0xB6453A65,0xB64E0349,
	0xB67BAC9A,0xB68DDDAC,0xB692C944,0xB6C586D0,0xB6CBD605,
	0xB7204999,0xB73AAD53,0xB7DF2853,0xB8327673,0xB836BF61,
	0xB83798C9,0xB84F5837,0xB86A7591,0xB87BC22B,0xB8C2ED52,
	0xB8E37861,0xB8E94E9B,0xB901C0F7,0xB92C6DD4,0xB92DAA89,
	0xB952CC5A,0xB9BAFB08,0xB9F4A299,0xBA13CFCE,0xBA6008CC,
	0xBA6E6718,0xBA84D0F4,0xBA92041F,0xBAD0D095,0xBAD97F3C,
	0xBAEB5AD8,0xBB150367,0xBB33B828,0xBB6D22C7,0xBB7013EC,
	0xBB73885C,0xBB8B3872,0xBB9FB550,0xBBA67753,0xBBDE1DDD,
	0xBBF6CB15,0xBC109E09,0xBC42F16F,0xBC52606D,0xBC67CA32,
	0xBC7A8924,0xBCDEBA24,0xBCE0531C,0xBD0041B4,0xBD1FFF39,
	0xBD32739A,0xBD4BBC84,0xBD67C467,0xBDE07F84,0xBE00E328,
	0xBE1F2192,0xBE385467,0xBE69AFDB,0xBE854B2B,0xBE8CD00F,
	0xBE8DE408,0xBF37A359,0xBF413753,0xBF74D73A,0xBF94128B,
	0xBFC710FB,0xBFCD3AB6,0xBFD026E3,0xC0196ACF,0xC038F102,
	0xC08EA183,0xC09D9798,0xC1024087,0xC10AD03A,0xC11C2828,
	0xC128C517,0xC13D9CFE,0xC167878B,0xC179B830,0xC1B9FD51,
	0xC2058A92,0xC24179B9,0xC275BDC0,0xC2DC11DE,0xC2F10FCD,
	0xC2F8975D,0xC342A838,0xC37CCCC2,0xC3821C2D,0xC3876F12,
	0xC3AD3A61,0xC3BCE0DC,0xC3C41616,0xC42FE214,0xC430AF11,
	0xC43AF742,0xC46D487D,0xC485BB27,0xC4875039,0xC4E5FAA7,
	0xC51C1AF6,0xC51E72AA,0xC595FE25,0xC5A4EC7D,0xC5C3EA57,
	0xC5E2D11E,0xC5E8D324,0xC5FD76A9,0xC63AB2C2,0xC68E653D,
	0xC6972257,0xC6C83449,0xC6F399CC,0xC6FD0F2B,0xC71635AC,
	0xC727A22D,0xC7739CB6,0xC790F61F,0xC7A6CDF3,0xC7C5EC54,
	0xC7E66B73,0xC87CEC52,0xC8EE6DFB,0xC9687337,0xC98FB940,
	0xC99989B6,0xC9B25FE9,0xC9B70445,0xC9CAA474,0xC9E22A71,
	0xC9EED59E,0xCA06E735,0xCAA15F57,0xCB086504,0xCB1A6768,
	0xCB425871,0xCB4364A7,0xCB50CF36,0xCB629054,0xCB74973C,
	0xCB7F4F2C,0xCBA8733B,0xCBADB467,0xCBE5DE6F,0xCC129CA9,
	0xCC59ACBF,0xCC5FCD94,0xCC77AAFC,0xCC7B5707,0xCCBBEC7C,
	0xCCD224B2,0xCCD5A6E8,0xCCDC7209,0xCD1F04DE,0xCD9102C2,
	0xCD9FEE48,0xCDB4301A,0xCDBD9B81,0xCDC99F7F,0xCDD9AEE4,
	0xCDFFC459,0xCE098E4E,0xCE305EC5,0xCE316CE3,0xCE712BDD,
	0xCE9FCA38,0xCEC82DBF,0xCECD7FD7,0xCEEB50DE,0xCF12F781,
	0xCF6C22D2,0xCFC41281,0xCFC7EDB4,0xCFD6094E,0xCFE878EF,
	0xD0310C5A,0xD032AA50,0xD061F1CE,0xD08EAAF9,0xD0B3E447,
	0xD13B683F,0xD1457580,0xD1C97B89,0xD1CEC82F,0xD210313E,
	0xD218804F,0xD230CBD3,0xD27A4BA4,0xD2B26D18,0xD2B81A62,
	0xD2F17267,0xD2F4E3FE,0xD313E8ED,0xD39B895B,0xD3D35CDB,
	0xD3F7E30B,0xD3FC9EB7,0xD4221061,0xD469E168,0xD4837059,
	0xD4883903,0xD4CBFB79,0xD527F3D9,0xD53FC0BD,0xD58169A8,
	0xD59845E1,0xD5C1EB3F,0xD5D906A5,0xD5F6BCAB,0xD5F7CC55,
	0xD6131AF6,0xD6483A5F,0xD67D414C,0xD6FB09E0,0xD700D422,
	0xD7043F75,0xD716034A,0xD7484F15,0xD75F5A2A,0xD78D1640,
	0xD7ACDB46,0xD7F88075,0xD7FD5647,0xD862FADA,0xD8A7A217,
	0xD8C1E31C,0xD918E538,0xD99D9A1F,0xD9AF33B1,0xD9CA6869,
	0xD9D9759F,0xDA0E00A4,0xDA1C7ADC,0xDA200264,0xDA2CF26A,
	0xDA7810F6,0xDA7A49C2,0xDA8396A6,0xDAAA10B4,0xDAACBA15,
	0xDABBC346,0xDAD7DB9F,0xDB549379,0xDB6DF0C7,0xDB9B959E,
	0xDC117050,0xDC1A88A6,0xDC5DE5B4,0xDC5E337D,0xDC6520BE,
	0xDC81A3A3,0xDC925FDD,0xDCCD61F4,0xDCE2C32B,0xDD1A9A97,
	0xDD40479E,0xDD4E8990,0xDD5C8BEC,0xDD84373C,0xDD8DCD8E,
	0xDDAC0E4D,0xDDE974F3,0xDE4CCB3C,0xDE75C6D6,0xDE791019,
	0xDE7F5781,0xDEBBC753,0xDEEF9E45,0xDF063937,0xDF5C91C5,
	0xE0229C6C,0xE03BC081,0xE079D1B1,0xE0CF855F,0xE0E02960,
	0xE107523D,0xE10E370E,0xE190CBFF,0xE1CF6A4E,0xE1E0A5E5,
	0xE1EE57AB,0xE20F3ADC,0xE210CABB,0xE222CDCE,0xE2259EB9,
	0xE233D5DC,0xE268B7CA,0xE27B58D4,0xE290AEC3,0xE2A66CC9,
	0xE2A78E02,0xE2AA4A10,0xE2EA1742,0xE32DE10C,0xE3A56EBC,
	0xE3E72C7C,0xE43968D8,0xE45724CC,0xE5358D3E,0xE5B5C43C,
	0xE5EBD480,0xE5F937EA,0xE5FF02C1,0xE60C5004,0xE654AC55,
	0xE67EDA3A,0xE6BF739F,0xE6DD362B,0xE711531B,0xE721FC1C,
	0xE725C082,0xE7621FCE,0xE7623F9B,0xE79A7BB9,0xE7AEBE2D,
	0xE7C7117A,0xE7D9DFC7,0xE82DEAC8,0xE846C57F,0xE84EF68D,
	0xE87DFC67,0xE8BF664C,0xE8D9C083,0xE8DD8AE3,0xE90F4791,
	0xE9232350,0xE9447E75,0xE953A7C5,0xE95DF433,0xE9A5547B,
	0xE9BBFA39,0xE9EB9D6E,0xEA51DDC1,0xEA6397A6,0xEA6EC7D6,
	0xEAA94EE1,0xEAC68E61,0xEB4AEB74,0xEB58821C,0xEB7BF17A,
	0xEB87070B,0xEBC0616B,0xEBEDE164,0xEC18E14F,0xEC428525,
	0xEC5B758D,0xEC6B2486,0xEC9C4024,0xECA6D769,0xECAA8731,
	0xECEE039B,0xECEFDF67,0xED1163FE,0xED12827E,0xED163884,
	0xED393AD8,0xEDB3B76D,0xEDD2B4F1,0xEDDC9E7E,0xEDEDB73B,
	0xEE07DD44,0xEE088531,0xEE0F0399,0xEE4A348A,0xEE52772F,
	0xEE6B1BB3,0xEE710EFD,0xEE7182D2,0xEE810487,0xEE944425,
	0xEE976A4C,0xEEB7CE03,0xEECAE673,0xEEE8B83E,0xEEF85E43,
	0xEF33C65B,0xEF8EA1E2,0xEFD964AF,0xF00418B6,0xF01094F9,
	0xF082E23A,0xF0A277F1,0xF1083979,0xF1261B7C,0xF128B3BF,
	0xF1751FE4,0xF1769645,0xF1C2F8AE,0xF24C64A2,0xF281C565,
	0xF2F4775D,0xF309F642,0xF342038B,0xF343FC87,0xF37119E9,
	0xF3988AA2,0xF3F50E12,0xF3F960C3,0xF476468D,0xF48EB2B4,
	0xF4979071,0xF4F8EEAD,0xF522DB1C,0xF54B7047,0xF55FD330,
	0xF57F940E,0xF5CDFF79,0xF5DE7F1F,0xF5FE6531,0xF61C17D3,
	0xF6949212,0xF69C7BC6,0xF6CA45EC,0xF6CA89C0,0xF7115046,
	0xF74DDED5,0xF7523B2C,0xF75CDF81,0xF7E09138,0xF81C1579,
	0xF83A7DB1,0xF83E4E14,0xF8539D6C,0xF86C5E5F,0xF8922C3F,
	0xF8B77317,0xF8C5DC2B,0xF8D8EDE5,0xF8E22BAF,0xF96220A0,
	0xF9852BDE,0xF98F89D3,0xF9B5E3FF,0xF9F908A3,0xFA130EA8,
	0xFA1DDEE5,0xFA2ED202,0xFAC373A2,0xFB4E656C,0xFB7F7AEA,
	0xFBBD054C,0xFBEE3F8F,0xFC245194,0xFC25BB2A,0xFC629968,
	0xFC6379F7,0xFC7B8E23,0xFC9A555B,0xFCF27DDE,0xFD3DFACE,
	0xFD530B63,0xFD985535,0xFE2DFD30,0xFE83E8FF,0xFEB99771,
	0xFEDF0EB1,0xFF0111DF,0xFF2273C5,0xFF463364,0xFF4CA614,
	0xFF67503C,0xFF86F11D,0xFFBEA89D,
	// Gloves (0X9989398B) - 510 items
	0x01036931,0x01147D36,0x01546EF3,0x017241F4,0x018A95C7,
	0x01FCA88D,0x02920359,0x03066679,0x04D75607,0x05428440,
	0x066007CD,0x0698D88A,0x06C7FC7A,0x07679C97,0x078CD565,
	0x08181A24,0x082ADBB6,0x085A08C0,0x0893000C,0x08DD99C4,
	0x0A2D25E6,0x0AA10BCC,0x0D527D5A,0x0DE74ADA,0x0F0430BA,
	0x0F7F3C74,0x0F836E14,0x110241BA,0x1146E8D9,0x11CA903F,
	0x11FF5266,0x123C04EC,0x126DC683,0x1328F2AA,0x13AAA262,
	0x13D8B579,0x141973E5,0x16EE5270,0x16F937E6,0x187C7C51,
	0x191EC005,0x1A2D8F40,0x1A423C8D,0x1A4A7FF5,0x1C7ACBA7,
	0x1D319438,0x1D8BDEE4,0x1DB0EC1D,0x1DF4127E,0x1E2087F7,
	0x1EDDE714,0x1F0292CA,0x1F0B8DED,0x1F6D48D2,0x1F6D5DAC,
	0x20180C98,0x21A51495,0x21F862C2,0x225049AA,0x232BB82B,
	0x234C3342,0x24150CAA,0x24B7D363,0x27112E96,0x272E8656,
	0x274DF69A,0x28189F0B,0x282000FB,0x28CE3451,0x28E344D5,
	0x2912CD32,0x29ADF7EF,0x2A9AF2AB,0x2B8130D7,0x2BAA230A,
	0x2BE2FDF6,0x2C1A603D,0x2C6BA43B,0x2C8C3C9B,0x2D851A19,
	0x2EBFF2B6,0x2F502553,0x2F55E89F,0x2FC6ABF5,0x2FDA563E,
	0x3033DA22,0x31DEF9EA,0x3254B95B,0x32DA0485,0x32E68A68,
	0x338A9EE2,0x33D44A78,0x344FAE77,0x350C7BA4,0x35A9BBAB,
	0x35BD465F,0x363B5920,0x36F8F702,0x372CE168,0x38266B59,
	0x399AC271,0x39C5974F,0x3A4DA556,0x3B568CE9,0x3B94811C,
	0x3CC9875A,0x3D3C213B,0x3D951CD1,0x3F1D5D03,0x3F23A565,
	0x3FF491A1,0x402B0048,0x406A9705,0x4187536A,0x41C30B92,
	0x42977DB3,0x42A13D0F,0x42BC5A3D,0x431BF28B,0x444F45DD,
	0x44973F0F,0x449E5A3B,0x4630D817,0x4668BD60,0x46AE1EE7,
	0x46CAD525,0x477E30A3,0x48786BD5,0x4889FDBD,0x48F6C7CE,
	0x49B4082B,0x4A8822D7,0x4AE1E61B,0x4B7A10AE,0x4B81BAC7,
	0x4B948F7C,0x4C9C2F74,0x4CD4102D,0x4E38AF22,0x4E933356,
	0x4FF75D95,0x50EE76A1,0x51199AF3,0x51475F13,0x51B81B7B,
	0x5229360A,0x537820E0,0x54323070,0x54E1DA7E,0x5570521B,
	0x558FBCAA,0x55A1B22C,0x55ED80A3,0x570E2C50,0x5761FDFF,
	0x57B6654D,0x57C47FE4,0x582DC308,0x5912ECA0,0x593FD71A,
	0x59558302,0x5994405B,0x5A3AF21C,0x5B004C30,0x5B4BDA67,
	0x5B704898,0x5C2CB213,0x5C536CAE,0x5D985CD7,0x5E1B020D,
	0x5E781F1C,0x5EACA5B7,0x5EFD4BC1,0x5F98DA1B,0x6048B751,
	0x616AE90D,0x61A58B45,0x62C8D71C,0x638ABF20,0x64308607,
	0x64963FB1,0x65842E31,0x6609429B,0x6675D4F7,0x66B5C568,
	0x67147EE3,0x67597059,0x67FA73B8,0x687208B4,0x68B00B9F,
	0x68E86F45,0x692E412A,0x692FE88F,0x694A52D4,0x69AC4547,
	0x69C1FA19,0x6A5DDEAE,0x6AA435BF,0x6AF284B7,0x6CAABB81,
	0x6CC3674D,0x6D327E34,0x6DBFED37,0x6E7153A2,0x6EF757A8,
	0x6F463C85,0x6F6CAF30,0x706F28D8,0x70F909EF,0x713B9335,
	0x71B6D9F2,0x71CC5EA4,0x72D91B96,0x73EAB710,0x7406E1C7,
	0x7555BF86,0x76CD75A6,0x76CDE5A6,0x77B89340,0x77E4E1B8,
	0x78177A21,0x783BDF68,0x7849D10A,0x78B90422,0x78D41080,
	0x78DFE0B0,0x79476917,0x7988241B,0x79B839BE,0x79BC8313,
	0x7A10572B,0x7A584978,0x7A634521,0x7ADAD811,0x7ADFD88E,
	0x7AF0186A,0x7AFC07AF,0x7B2B17FC,0x7B74E5B7,0x7BA4AF19,
	0x7C5D4911,0x7CDFD715,0x7CF19E7D,0x7D0E8654,0x7F601C34,
	0x80461B24,0x80A51779,0x80F9A9F0,0x81DDD2F6,0x8312528B,
	0x847E1F37,0x84E72B74,0x85912057,0x8597863E,0x8724B2E3,
	0x874F00D7,0x8767F12B,0x87871BC2,0x87AF6426,0x88265BAF,
	0x8891892D,0x88BB4F1C,0x88EEE24B,0x8962A47C,0x89E61A24,
	0x8A1837FF,0x8AD6E14A,0x8B56C7B8,0x8B93DD75,0x8BC4C847,
	0x8BE9DC6F,0x8C9A0801,0x8CB27C33,0x8CECD1A9,0x8D330952,
	0x8D97FD5B,0x8DAAB8C9,0x8DB6F4DB,0x8DFB3ACE,0x8E18FCA8,
	0x8E72AC7F,0x8EB9B3A2,0x8EEF17CD,0x8FBFB154,0x902C096C,
	0x90E0E798,0x917BB0C1,0x919FB97A,0x91A405A3,0x91E1A8C7,
	0x921B0046,0x928562B0,0x92BC4D75,0x93325C48,0x93D222B3,
	0x94A10BF9,0x968DCEC1,0x96991E61,0x974B9165,0x97FE792A,
	0x9A22841D,0x9AEACC04,0x9AFA2DFE,0x9BE3983D,0x9BEF5472,
	0x9C3FD5F3,0x9CA748E8,0x9CB3B356,0x9CB909DF,0x9D0AEB20,
	0x9DB76C2C,0x9E1A7404,0x9E67CEA4,0x9EDE1441,0x9EF7ACBC,
	0x9F6720F9,0x9F79ADDF,0x9FE8D60C,0x9FEB0F14,0xA054E24F,
	0xA071DFBB,0xA080E59B,0xA1140E82,0xA1B49D40,0xA2DF8C0C,
	0xA315167C,0xA3BB7514,0xA3F23684,0xA4123A16,0xA490FF05,
	0xA52A2E02,0xA5BA114A,0xA7247645,0xA73DBD63,0xA7F580A8,
	0xA9068FB2,0xA942CC74,0xA9E11990,0xAA05717E,0xAA1536F8,
	0xAB28A58F,0xAC3A6A49,0xAC54A881,0xACD9B040,0xAD037041,
	0xAD33B0EC,0xAD355274,0xAD877043,0xADDCE5AF,0xADE19AC4,
	0xAE948E37,0xAEC509DE,0xAED9AA0D,0xAEE31BEF,0xAF56E6B8,
	0xAF6D051C,0xB005C2C2,0xB019AF6D,0xB14AB2E7,0xB2B5575C,
	0xB2D67546,0xB2FA78A4,0xB30B3683,0xB3F72DC4,0xB46C6197,
	0xB4C52FD7,0xB4EAD621,0xB51ECC98,0xB6EDE7CA,0xB71D2BDF,
	0xB85E6EEF,0xB8AB832F,0xB8E6410A,0xB9D81BB0,0xB9F73DB1,
	0xBBF71FE2,0xBC418DBB,0xBE3342B3,0xBF60F6CB,0xBF774EC6,
	0xBF9DF12D,0xC0A5E4F9,0xC0CCD206,0xC0D50D56,0xC11F710B,
	0xC1B1F24F,0xC2379A9D,0xC2CCE7F4,0xC35ADD3A,0xC3EFD7B3,
	0xC48D9BD2,0xC4C6EBE8,0xC5459A31,0xC581FE0A,0xC5E8439F,
	0xC6140A5A,0xC64AEF4C,0xC6E59D64,0xC760840E,0xC7A9A76F,
	0xC8421587,0xC993D8FD,0xC9BF021D,0xC9DAA66C,0xCA5F53BF,
	0xCA9AB424,0xCAA11050,0xCB17B51A,0xCB7D9189,0xCB8354AB,
	0xCB8B9C22,0xCB8E43E0,0xCB9C6672,0xCB9EBF3D,0xCC364060,
	0xCE41A18E,0xCE640EB9,0xCF1E8A88,0xD01F440C,0xD03FE6CC,
	0xD0D07178,0xD1A979D7,0xD24DE8BC,0xD2C7145E,0xD3F796DA,
	0xD4329873,0xD45A892A,0xD4B727A0,0xD51839C9,0xD52DFA2F,
	0xD607FC7C,0xD61700F4,0xD70F24A5,0xD7106BC5,0xD7678BE8,
	0xD791E6F2,0xD7C244BC,0xD8508A77,0xD872AF1B,0xD8B2B668,
	0xD8B5F741,0xD95ED756,0xDB37A860,0xDB7C99AF,0xDC92D810,
	0xDCD9D8A2,0xDD621992,0xDDBD58F1,0xDE53E49B,0xDECD29E5,
	0xDF8A2DB3,0xE0375017,0xE156CAB7,0xE181F506,0xE1D8A667,
	0xE279C325,0xE2CD40A8,0xE34E11F5,0xE4CCC020,0xE4EF88EF,
	0xE5181591,0xE5AC9BC9,0xE5F9A5C9,0xE63ABB60,0xE65ADE8D,
	0xE66CA361,0xE6AC4B8E,0xE71CF196,0xE89620FF,0xE9271E01,
	0xE9719F3C,0xE97957FD,0xE9D8C5A2,0xE9F2691C,0xEADA5149,
	0xEB1FB6B4,0xEC92456F,0xECC36C76,0xED27D258,0xED8FEC1B,
	0xEF2FBD2D,0xEF64055F,0xEF8B7E01,0xF15A70F5,0xF1CD8285,
	0xF27A5EE2,0xF2A3A457,0xF3BB414C,0xF4063FC8,0xF4CB67CC,
	0xF51B7C0E,0xF5623F8A,0xF5C6B6EE,0xF617F132,0xF62E9D6A,
	0xF65ED06A,0xF6F17D8B,0xF70F50D4,0xF7BC3BD1,0xF7DCA0C6,
	0xF87D5FE5,0xF8868299,0xF896960B,0xF89FBCF2,0xF99A0937,
	0xF99BC30A,0xF9E4113E,0xFB267B57,0xFB78068C,0xFE390F17,
	// Suspenders (0X4C6BA84F) - 205 items
	0x00FF0C70,0x05068FDA,0x051C8C0C,0x0840A31E,0x09B0998E,
	0x0CC540C1,0x0CE38F78,0x0E23D9F4,0x0EADEF95,0x0FFAD753,
	0x11C75C61,0x129DD6FD,0x14FB5BC0,0x178467D4,0x18C9A744,
	0x1A223A71,0x1A36F21A,0x1A8B76FE,0x1B5D2B7A,0x1CB2B388,
	0x1DE0ED83,0x1EB8E2E0,0x1FBEDA10,0x205FE63A,0x2077F9C2,
	0x20C7CD2D,0x20CD640F,0x2251766C,0x24C38733,0x25F4D1B6,
	0x26780573,0x268BD789,0x27B86A6D,0x28391259,0x2B3C7DAF,
	0x2BB98934,0x2CC35FF2,0x2DCAED0B,0x2E1735D1,0x2E352D0E,
	0x2EECE84B,0x2F585461,0x309112EB,0x3435EE38,0x374F306D,
	0x380A40B8,0x3973A4A8,0x3B276BFF,0x3BDE2985,0x3BE8AEF6,
	0x3EF4EDEA,0x40193118,0x424EC249,0x426F8B0B,0x429BB5D8,
	0x46A04266,0x49FA106F,0x4A11BB59,0x4D5FA0EB,0x518B36D2,
	0x51D4995D,0x53242C60,0x5492E6D1,0x54B97A16,0x56EC6409,
	0x57744D61,0x57BBD6AD,0x581C0C1E,0x59722868,0x5D9B45A7,
	0x5E124250,0x5E37B223,0x5F14800F,0x62407BDD,0x630B58B2,
	0x66D91E55,0x673A0749,0x67FEF56B,0x684E8967,0x6B3703AB,
	0x6BCD1545,0x6C38913F,0x6CF45F9C,0x6D087754,0x6D6D5755,
	0x6E64154A,0x70146693,0x72A79C77,0x73220BA9,0x7457A184,
	0x7700A6CB,0x774ABF38,0x78C22F2F,0x7BECF454,0x7C071589,
	0x7E4C22DD,0x7F9F1718,0x7FA5267B,0x8115D2CE,0x827E86D2,
	0x82C27B38,0x85A61DCF,0x883B48F8,0x88C30E00,0x89D4B124,
	0x8DB6C29E,0x8EF3DFCD,0x909B959C,0x90D5237F,0x91C07423,
	0x9357B932,0x94DCFB84,0x95EE441A,0x95FA1A87,0x973D34A5,
	0x9740DBC6,0x97ABABD1,0x994E5017,0x9A15F1D6,0x9C2008E2,
	0x9C987B16,0x9E267374,0xA128D4D4,0xA32ADE2F,0xA470C55B,
	0xA51DD066,0xA5220311,0xA7CDECDE,0xA8494F10,0xA872896A,
	0xA8BB57E0,0xABB8A81F,0xAC7BAAF6,0xAD611396,0xAEE37049,
	0xB0207DBB,0xB2A1670B,0xB2A461C2,0xB3D69549,0xB3F2952D,
	0xB4B8EF9C,0xB78C20E7,0xBA581BE8,0xBAB12DE7,0xBAF93206,
	0xBB824903,0xBB931CA2,0xBBAAB029,0xBBC9AEBA,0xBDAD7D2F,
	0xBF63008E,0xC1283B1D,0xC33110D5,0xC6863444,0xC777C774,
	0xC915BF73,0xCA1C4B5F,0xCA5B9F26,0xCAD19224,0xCC331A3A,
	0xCCBB36F0,0xCD8032E3,0xCD91D3A4,0xCE2918CB,0xCFDDD888,
	0xD204B6A7,0xD4AFB3CE,0xD59EFD7C,0xD605D423,0xD7370068,
	0xD77B5C92,0xD84D67C1,0xD854D625,0xD90BEAEB,0xDB56B881,
	0xDDBEF44A,0xDDC03132,0xDE7E4F9A,0xDF5C7739,0xE102FA8A,
	0xE23071FC,0xE26CF8CD,0xE41C6F70,0xE4B076A8,0xE5CC6912,
	0xE6D47324,0xE79287F8,0xE8D55DEF,0xEA1C8180,0xEA2A268E,
	0xEBBBEA15,0xEDDA738D,0xEEA902CD,0xF0851868,0xF4198DA2,
	0xF5422357,0xF6F2EFB9,0xF9237CB5,0xF999B0E0,0xFA1FAD0B,
	0xFA987FA3,0xFB99F15C,0xFF520510,0xFF5C846E,0xFF62AC0C,
	// Chaps_A (0XC8F18EFC) - 329 items
	0x005900C2,0x01D0C840,0x03D1A3D0,0x04112701,0x04A0405E,
	0x04B9504E,0x0565926C,0x067E8D91,0x06F45099,0x078415A4,
	0x07F64738,0x0A0A5883,0x0A56CAE6,0x0A82C9C0,0x0B8CCF6E,
	0x0BDFF770,0x0BF380E6,0x0C597B86,0x0CD10193,0x0DD3627A,
	0x0DD70BAA,0x0EBEE21C,0x102CB3B3,0x1119A23F,0x1187E8F3,
	0x119A96B4,0x122FDA38,0x13645DB9,0x1365015F,0x136C8940,
	0x151B6127,0x159E2B4C,0x167A4BD3,0x16F4C595,0x174B41F0,
	0x178DE554,0x179C9A28,0x18431B65,0x187C9718,0x1AD76E03,
	0x1B4EFB0C,0x1BA86E1C,0x1BC46C43,0x1C2B7D29,0x1C5C7CC2,
	0x1C74AAF0,0x1CBE8C0C,0x1CD17C53,0x1E7EBC1D,0x1FA4AF45,
	0x201FF618,0x21CC599D,0x22837C52,0x249D8BFB,0x24B9611E,
	0x24C4C999,0x25B32DCD,0x26911A76,0x27AE9540,0x27BA4E88,
	0x2865BD1B,0x2885633C,0x29B82E05,0x29E63EBB,0x2AF92881,
	0x2B10C271,0x2C9A8EF1,0x2D221C48,0x2F59D232,0x33A4CA1C,
	0x36056C1A,0x360D31FD,0x36A8A30D,0x38939005,0x38C6782C,
	0x38F3C24F,0x390E44AB,0x39F95659,0x3B2BB85B,0x3D1D01FA,
	0x3DDB7C4A,0x3EA4BF51,0x3ED6D842,0x3EDFC22D,0x3FCD6991,
	0x3FF4F345,0x409A07CF,0x419DEF8B,0x41A076BF,0x42204648,
	0x42451A27,0x42D097FC,0x44386AD7,0x44FA74D3,0x4534E4FE,
	0x45B68A80,0x46285323,0x4753E136,0x4980AAAC,0x49A14A8D,
	0x4AEE34BA,0x4B21D903,0x4B4A5C77,0x4C7C5D96,0x4D55AE04,
	0x4DF8A28C,0x4F2DEEC3,0x510284D7,0x51DEE67D,0x525B2C76,
	0x52C0BB1A,0x5394A63C,0x53F5BD88,0x5471ED51,0x558A940F,
	0x56BCF44C,0x57654463,0x58385F40,0x598BF8FA,0x5A5B6A72,
	0x5D3AA6C4,0x5D427FC5,0x5FFCD7A4,0x61621323,0x6190CAE1,
	0x6224435B,0x62AA5785,0x6343A959,0x63C43082,0x63CCCE34,
	0x63FD0A28,0x64758FCE,0x65793E54,0x664783D9,0x6799878A,
	0x680B9706,0x6932E7FE,0x69995DB3,0x6A99400C,0x6E682161,
	0x6EF57595,0x72B3A6AE,0x73039CFA,0x73D9A9BA,0x75692329,
	0x76D7F56F,0x77283EAF,0x77EE2726,0x78E5B8BA,0x790DDA13,
	0x796C2791,0x7A840740,0x7AE917C5,0x7B4C8C39,0x7D172FC3,
	0x7D2893B2,0x7D34BD28,0x7EB86042,0x80247043,0x8072422B,
	0x80A29D74,0x8662C38F,0x877F9599,0x889D65B5,0x88BBB36A,
	0x88D9A3EB,0x88EFC79A,0x89A61785,0x89C69B4C,0x8A9A6593,
	0x8AC5DBB4,0x8CD32F46,0x8D0181FA,0x8E9C0631,0x906683BA,
	0x90FA68C6,0x91B11358,0x921624C2,0x93FF144C,0x953D528E,
	0x955C3152,0x95E1CA88,0x97576FF5,0x9795B364,0x98256714,
	0x987486E3,0x994F4EB5,0x9AAAEA0E,0x9C023FC3,0x9E912519,
	0x9F1DDA6A,0xA1B725D3,0xA241B0D1,0xA252B49F,0xA26E094C,
	0xA4FD0B40,0xA5CB81D1,0xA60AE3BB,0xA7D31233,0xA918BD1E,
	0xA9350AC0,0xA9CBDB56,0xAD4591D4,0xADA5222C,0xAE5978E1,
	0xAE6B2D30,0xAEE69B50,0xAF39132E,0xAF4FF43F,0xB011799F,
	0xB07B48ED,0xB36888C3,0xB3ABABF7,0xB421D83D,0xB774F322,
	0xB91BDD5D,0xB95A0EE2,0xB9CF2A90,0xB9E8929D,0xBA17DD28,
	0xBA4EF0B9,0xBBDA8F5E,0xBBDB3C26,0xBC2DC8B5,0xBC8C316E,
	0xBDCFAF4F,0xBE183EBD,0xBE89B3DC,0xC01EC2EF,0xC17349C8,
	0xC1AA47F4,0xC1ACB933,0xC1C5A57D,0xC225EC42,0xC26BC6DD,
	0xC5BF5E0B,0xC60441E2,0xC65ED5C7,0xC7337E60,0xC803514C,
	0xC87010ED,0xC89428D1,0xC8DE7AB5,0xC9D4CAF2,0xCAB028BF,
	0xCAC031AE,0xCADCB485,0xCB9217B9,0xCC628512,0xCD101E58,
	0xCD322105,0xCE22DD7F,0xCEA88841,0xCF585579,0xCF73311D,
	0xD053E1E1,0xD05DC2AD,0xD244EB6B,0xD270183D,0xD2A15D98,
	0xD2BADA31,0xD31BDC71,0xD323F8D4,0xD3B9F7CD,0xD49CEDA9,
	0xD58BC745,0xD6E77A62,0xD8EBA1D0,0xDA81B510,0xDAD27A44,
	0xDB19227F,0xDBA46E91,0xDCA2D825,0xDD60D28F,0xDD93D9F3,
	0xDDD57CF0,0xDE086354,0xDE85201B,0xE11006BF,0xE144F97F,
	0xE17F9358,0xE19C8472,0xE2117AEB,0xE2491F28,0xE29A17C4,
	0xE343044B,0xE3694D73,0xE3CE7C58,0xE41B0F12,0xE4697F0C,
	0xE4D34A3B,0xE5B95DA9,0xE5F9BF50,0xE6D3C104,0xE724EA77,
	0xE7DC968D,0xE92BD68F,0xEAEB4956,0xEB35415A,0xEB9A99E6,
	0xECC4D996,0xED0F8EDA,0xEEE3139F,0xEF97B1BF,0xF0B2BBFB,
	0xF0DF751D,0xF15CA56A,0xF197A79E,0xF347F8C6,0xF467E964,
	0xF541A2D8,0xF62FA3AB,0xF6C8D9DE,0xF84CA554,0xF8A664A9,
	0xFA29BB27,0xFA513941,0xFB2AE64E,0xFB3BFAAF,0xFC05FFC9,
	0xFC5B4B46,0xFC752F23,0xFD1C82FE,0xFD2CEDD9,0xFD339C58,
	0xFD80C1D5,0xFE2FDECF,0xFE71E7D3,0xFFDF7FCB,
	// Chaps_B (0X6971A6CB) - 188 items
	0x015821BF,0x0719B3C2,0x0847FFD8,0x098F5523,0x0A1A8825,
	0x0AB73AF1,0x0ACFD0E9,0x0B13E3A3,0x0B345B31,0x0C92C6EA,
	0x0D94034C,0x0ED78E2F,0x0FCC1B60,0x0FFD32EA,0x11222AF1,
	0x12261398,0x15FA70BD,0x17C3F18C,0x18E48396,0x191D455F,
	0x19E96197,0x1A2F70C8,0x1C852CFA,0x1C8CFDEE,0x1D1E2ABC,
	0x1DE06143,0x1E0D7764,0x1F6783A7,0x2365B617,0x24B41AA7,
	0x25A5E12B,0x25BF1052,0x270BE13C,0x2778E212,0x279DD42E,
	0x29DADFBE,0x2F1FEB04,0x2F2C8C21,0x2F9801A9,0x3028BA36,
	0x31861E55,0x3286874E,0x32899974,0x33DD0D48,0x35FDBD3A,
	0x39DE080F,0x3B2C8C3C,0x3D480DB8,0x3E0677D4,0x3E2321D4,
	0x3EDED7A2,0x419F1629,0x430F81E6,0x4321C18C,0x4399D496,
	0x44B24E3C,0x4740D471,0x4AD7A8D7,0x4B13E766,0x4BC27169,
	0x4D038952,0x51256722,0x5153D06F,0x51CA37E7,0x528F31E6,
	0x530AC88E,0x53AD5642,0x5462248B,0x551A4C75,0x55CD1C19,
	0x5812069D,0x5EF70B54,0x5FCBFAE0,0x5FDCED81,0x5FFC6239,
	0x60AA4D60,0x61B0E8EF,0x6223576E,0x6401B882,0x65626D3D,
	0x66787BD8,0x6931814A,0x6C23EC9A,0x6EE3F3AA,0x6FD6539B,
	0x6FD9F29E,0x710B8C63,0x72A11321,0x759E9904,0x7930E2E0,
	0x79681518,0x7B22569B,0x7B272535,0x7B612B26,0x7C5E04C7,
	0x7CA81EDD,0x80382E4F,0x818BF706,0x82835B7F,0x844A9E73,
	0x8470B6A8,0x84872B56,0x857F1E25,0x881200A6,0x883944D6,
	0x8F382A7B,0x8F9038AC,0x8FF2B2D3,0x9148EFF7,0x923775A8,
	0x92DAB8DC,0x946FA489,0x94923D72,0x95561D14,0x989EC42B,
	0x9C254455,0xA0FD07DC,0xA21C11B1,0xA2989F18,0xA4B40E3E,
	0xA65DC881,0xA733F0AF,0xA82D6381,0xA9340ED3,0xAA75FA78,
	0xAA9AE140,0xAB54E997,0xAEC0A363,0xAF5B9A02,0xB1573C95,
	0xB5AE1FBF,0xB6A0A9AC,0xB6A6305B,0xB82B6C1C,0xBBA13AFC,
	0xBE2E5643,0xC179E349,0xC1A23E8F,0xC24F0FDF,0xC39B3618,
	0xC425A1D6,0xC5069CFA,0xC5BA46BF,0xC81D80C0,0xCA15F79C,
	0xCA4316DD,0xCA5420B6,0xD250FD44,0xD3CEF516,0xD4046473,
	0xD54B4421,0xD6540CFD,0xD6EFCCEF,0xDA748ECF,0xDAF4266D,
	0xDD5F46E6,0xE03474CB,0xE0458E07,0xE0DDD798,0xE1B8565D,
	0xE1E55817,0xE249C03C,0xE498A986,0xE4A06850,0xE5AE576A,
	0xE5AEE4E8,0xE6C2924E,0xE74D2880,0xE7DFF11A,0xEAA3C490,
	0xECF29FC6,0xEE6C2A54,0xEE8472E5,0xEFAFD34C,0xF45A7BA1,
	0xF48A5999,0xF5174414,0xF58B0A25,0xF7637AD4,0xF85F2C08,
	0xF90EEDC6,0xF9B040DC,0xFA65D520,0xFCE79F5E,0xFD1CC01A,
	0xFD5E8782,0xFE45C160,0xFE96B997,
	// Spurs (0XEE36E737) - 385 items
	0x01AA203B,0x04176480,0x042FC0DC,0x0439938C,0x04A5C8B7,
	0x05EB8F65,0x06B705E8,0x06B76FD3,0x06D74760,0x0708AE99,
	0x07E3FECC,0x088E1024,0x08C67749,0x08C76008,0x08DB6D5D,
	0x09D2B2AF,0x0AAE6859,0x0B24CFF7,0x0B757E20,0x0BE47D22,
	0x0D0F098A,0x0D68E261,0x0F40D0A3,0x0FF093F0,0x10BECCE0,
	0x11081298,0x11E173FA,0x123BDDCB,0x13629C06,0x139E7CE0,
	0x142D2BE8,0x1468A6E1,0x149CA1B3,0x14D098A9,0x15076986,
	0x15D112D7,0x15E49D13,0x16F48620,0x17346DD4,0x176DFE78,
	0x17BE4C63,0x19E1EC40,0x1A7F9150,0x1C711CEF,0x1CA207BD,
	0x1E2FFEAB,0x1EE4AD35,0x1F7752AF,0x1F801AA6,0x200A7968,
	0x215AEE8C,0x21A24812,0x2235427A,0x22BEB605,0x2331B56B,
	0x2413985E,0x258D6A24,0x25969ACD,0x25F04AE8,0x265AE99C,
	0x26CA9075,0x2839A8AA,0x289AC544,0x29734E3F,0x2B9ED515,
	0x2C0D12D6,0x2C463655,0x2D1A92B1,0x2E85B95C,0x2F709755,
	0x2FA08AAF,0x304FF460,0x3144C7E2,0x348B38B6,0x35F176FB,
	0x36419A7B,0x36D39FC8,0x370C4A69,0x390434E8,0x390F2B71,
	0x3A6C3E17,0x3A844D3F,0x3AC164EE,0x3B330A2A,0x3BB959DE,
	0x3BC03131,0x3C29D3F9,0x3C3929CE,0x3DC4EF98,0x3E995419,
	0x3EFA634D,0x40FE8D11,0x41D63E68,0x423CEBAE,0x4329BECF,
	0x43FFB5F7,0x4429C2FB,0x453858E9,0x45D89FE2,0x45EDDD73,
	0x468ACFF5,0x46E2B5AB,0x471F55C1,0x482257D3,0x48830DC7,
	0x48924AD5,0x4ACA6534,0x4C00FA6D,0x4C118E0F,0x4C469C1A,
	0x4CA2AD09,0x4CCB75E7,0x4EF78056,0x4F66D869,0x4F881789,
	0x5000826C,0x5146FE33,0x51775B6A,0x529D99AD,0x5340844D,
	0x5384D277,0x5422B420,0x54C5DA59,0x54CD265B,0x550183EF,
	0x5566A388,0x55689A3C,0x55DFF34E,0x56AB7EEE,0x5746DC8D,
	0x575BD804,0x57A6C311,0x583CD85F,0x5A4FEF47,0x5A5BEE68,
	0x5DA17495,0x5E498C32,0x60563E83,0x618220D0,0x62F0D0F5,
	0x633B2062,0x63811F38,0x64337934,0x646AE815,0x64F812CE,
	0x64F8AE2C,0x651E7C5D,0x677A7CEC,0x68794220,0x69392ECA,
	0x69E5678E,0x6AA70345,0x6B93BC87,0x6C788B15,0x6C9028BF,
	0x6CDB8A02,0x6DF05052,0x6E3CAF78,0x6EBF73C2,0x702A1284,
	0x70BFDE6A,0x7158521B,0x7370DF5A,0x7399984D,0x73D8AA90,
	0x74214AA9,0x7445D866,0x75BA43AA,0x763EBE78,0x77E34D92,
	0x784CA162,0x78B487BB,0x7941EF44,0x79C3A17E,0x7A62A6E9,
	0x7A80CBE7,0x7CB74B05,0x7DE02C0F,0x82501863,0x8396F698,
	0x8497E165,0x84CE7E0E,0x8546ECF4,0x85845D03,0x85D7EE1A,
	0x860DAD4F,0x86BB8180,0x8831EE2F,0x891DD51A,0x8B4687D5,
	0x8B7A7474,0x8D80EC98,0x8E33CA5E,0x8EC1583D,0x8F601BC0,
	0x90D2A025,0x90FBAD0E,0x91A65397,0x93D1F99E,0x93F0A6EF,
	0x95A165FD,0x95E48AB4,0x95E6AA19,0x95F27C1A,0x95FDDCC4,
	0x9720EDAB,0x975E95F4,0x980C01AA,0x98A3228E,0x9A40003F,
	0x9B6CCBC5,0x9C4C1663,0x9CB5C47E,0x9CE4E7C0,0x9CF290CA,
	0x9E371659,0x9E7B2E46,0x9E92D458,0x9ED82D16,0x9EDCD17C,
	0xA195CDC2,0xA1AE426A,0xA2C20D05,0xA2EAC2D5,0xA3BB783F,
	0xA471EDFA,0xA49124CA,0xA49CC454,0xA7677F19,0xA77E1F31,
	0xA7FA372B,0xA8954090,0xA8BE89FB,0xA93D37D5,0xA9C2A517,
	0xAA91B2EE,0xAAAA4DCC,0xAACBB7FD,0xAB1DC6D5,0xAB37A805,
	0xAC11C184,0xAC74B2D4,0xACD0CAF1,0xAE42973F,0xAEA13427,
	0xAED34EEE,0xAF379822,0xB0150B8E,0xB0277411,0xB052A826,
	0xB2F3C5C3,0xB36F97AB,0xB45FEC07,0xB513DE30,0xB5ABD28E,
	0xB5C646E8,0xB954EB21,0xB9B743A3,0xB9B8B64F,0xBA26A49B,
	0xBAA40062,0xBB68960F,0xBCCF1686,0xBCD2DF04,0xBD9D3AA3,
	0xBE24ED91,0xBE3BFAF7,0xBE80A865,0xBE80D536,0xBF037C18,
	0xBF4C87CB,0xC05CAEAB,0xC0ACDF24,0xC112FF25,0xC1473C41,
	0xC17659D1,0xC30F02E1,0xC32F6BB9,0xC589C410,0xC70FD5A0,
	0xC71F5C6C,0xC8054058,0xC81661C2,0xC898CBEB,0xC89BE16C,
	0xCA92B20D,0xCC5EB555,0xCCD8FE3F,0xCCEF1D69,0xCD288B98,
	0xCD3F188F,0xCE3D0B7F,0xCE51F28C,0xCE6A040A,0xCE8528A0,
	0xCEE9BF06,0xCEEC9650,0xCF077BD9,0xCF55DE14,0xD042F8BA,
	0xD0829F84,0xD1E18015,0xD3135196,0xD538A770,0xD5EC573C,
	0xD651A0B3,0xD6A888F8,0xD6B2CCA3,0xD7A80BA6,0xD887EDAA,
	0xD968982B,0xD9C90527,0xDA7332F7,0xDABD0B78,0xDAF88629,
	0xDB04B994,0xDB548518,0xDC5827B5,0xDD17A165,0xDD516B6E,
	0xDDC433FF,0xDDE546E4,0xDE5B0C53,0xDE9B6D84,0xDF5A7E1D,
	0xDFBD3DF9,0xE00F9857,0xE01F5F49,0xE17ADFDD,0xE3131D0E,
	0xE3A4239A,0xE43C96F3,0xE4D5F51B,0xE51403DA,0xE6E8864E,
	0xE8106F5E,0xE83ED40C,0xE853D432,0xE894F49C,0xE983927F,
	0xE99DC240,0xE9B1D174,0xEAF486B4,0xEB8E1070,0xEB961EBC,
	0xEC10569F,0xEC35A8A3,0xECD5E4C5,0xEDA1AAE0,0xEDEAB77C,
	0xEF357B52,0xEF6CAD53,0xEF6E1F8F,0xEFD7270A,0xF06D3AF0,
	0xF1B6D4B4,0xF29B18C9,0xF30441AF,0xF3C14198,0xF3ED74DB,
	0xF50AA3C7,0xF540E744,0xF57F237B,0xF601515C,0xF669A78C,
	0xF6797081,0xF69270AF,0xF7290B39,0xF80AEE26,0xF958BA41,
	0xF95A45B1,0xF9A27536,0xFA8725D9,0xFB5EDDF3,0xFB7C1602,
	0xFB85B05F,0xFB931880,0xFBBF36F6,0xFC3E18DB,0xFC434F6E,
	0xFE6C1F97,0xFE7F4D36,0xFE9584B4,0xFEFE4C76,0xFF32E358,
	// Neckwear (0XE2522CFB) - 524 items
	0x0164D13B,0x02602D16,0x02D3B9E8,0x03720302,0x03E0C039,
	0x044F1F2A,0x04519871,0x047E72BA,0x05181F4E,0x058FB6C2,
	0x05938981,0x069903CD,0x06BBD3C6,0x0724C910,0x079D8BDB,
	0x07AA8A4B,0x095814E6,0x0B322562,0x0BACC83E,0x0C0F55CB,
	0x0C634469,0x0D1D6A51,0x0D432A47,0x0E161E44,0x0ECBCB19,
	0x0F5F5AC5,0x0F68B722,0x0FAC89A6,0x109E3991,0x111ECA93,
	0x11AB0D13,0x122A8031,0x127CBB85,0x132A74C6,0x13D694A9,
	0x158B6BB7,0x16711E94,0x16966AD9,0x17C3C613,0x17CB27B3,
	0x183AA714,0x1850DA4D,0x188D7769,0x18C92FEC,0x18CA08CD,
	0x195B2F56,0x1A2B7075,0x1A312F58,0x1A7BE5DC,0x1B63F371,
	0x1BA575B4,0x1C331531,0x1CDD48B8,0x1CE3BBDF,0x1D030DEB,
	0x1D985381,0x1E462649,0x1EEE0476,0x1FAD17A3,0x210E6DBF,
	0x2128FE58,0x214C44B4,0x2150DAF6,0x221C3134,0x222642A6,
	0x22BB5A94,0x22D12FEF,0x23D3429C,0x24270791,0x2549416D,
	0x25548912,0x261662B8,0x266AEF7B,0x268143A1,0x27BC26B1,
	0x292EC858,0x2A7285CD,0x2A8048AB,0x2A85B791,0x2A957ED6,
	0x2BDDB425,0x2C1BD715,0x2C41FDC1,0x2D25C408,0x2E8DEC19,
	0x2E96EB12,0x2EB3DF9D,0x2F5A1C60,0x2FD14A24,0x2FE09EB6,
	0x309A5D52,0x317771A7,0x31975FE2,0x31BD90FC,0x321D9DD0,
	0x32544B14,0x326419AE,0x3291A418,0x33557676,0x3356FBCB,
	0x3531294B,0x354BE8F6,0x35734D6C,0x35B6E663,0x3639CD47,
	0x365956FF,0x373D93B8,0x376B5BD2,0x3782E5E0,0x37F82E59,
	0x38252132,0x39AB72E8,0x39BE4931,0x3A024275,0x3A1231D0,
	0x3AD5725E,0x3B5879C0,0x3BC86E2F,0x3C6E7B12,0x3CD916E6,
	0x3DDEFA9B,0x3E56C2FB,0x3E663C0F,0x3F9D3420,0x3FF5021F,
	0x40B7CF9D,0x41EADFB1,0x420F9318,0x42C5E811,0x42CD55AC,
	0x4307DE58,0x448369DA,0x451F37BF,0x455CC9AE,0x4574F536,
	0x4599F82F,0x45A89939,0x45EAC0BB,0x45F33433,0x45FB9BC2,
	0x4629890E,0x46EC86FD,0x471F01EC,0x4777CDD8,0x482BDD0B,
	0x48B350A9,0x48D4BD57,0x48EB3713,0x49437D0C,0x49C20EA9,
	0x4ADE8CE0,0x4BD1F86E,0x4C43E6F8,0x4C64D18C,0x4D3998CC,
	0x4EA16B70,0x4F5A9B68,0x4FFC6646,0x516F7B27,0x521A7446,
	0x52463389,0x528685E0,0x529CD216,0x52E1DB7D,0x5328CB8E,
	0x5357F0B8,0x5384D2B7,0x5434D0B6,0x543A4FE6,0x54F45AD0,
	0x55A4796E,0x563359E7,0x56D285F5,0x57496378,0x57EC2C93,
	0x581EA961,0x5873C0B2,0x58AD287D,0x59371338,0x59869CCD,
	0x59A6C86A,0x5A6AC812,0x5AFD769E,0x5B48F5D4,0x5B5983EF,
	0x5B67A3CA,0x5C4C600A,0x5CADFB2E,0x5CC687BA,0x5D243123,
	0x5D5DB5B0,0x5D6A803E,0x5ED5F740,0x5EE4661D,0x5EED3C33,
	0x5F053A27,0x5F15FBD7,0x5F91F5B8,0x5FCD206D,0x602C2127,
	0x61A13FF5,0x61D25274,0x627FDB3C,0x6291760A,0x629F02CE,
	0x636FB09F,0x642E48BC,0x646A0268,0x65622204,0x65955A23,
	0x66EF262E,0x6743BFCB,0x675C45DB,0x67B0CC14,0x67CBFD18,
	0x67E2FD4A,0x680FB0E9,0x6876B36E,0x68923B74,0x68E3DFAF,
	0x6967D1F0,0x697361DF,0x699F5197,0x69C44736,0x69FD2227,
	0x69FD90B3,0x6A2A641F,0x6A5C168A,0x6A6913CA,0x6A6DFD28,
	0x6A87F243,0x6A9D0CF5,0x6AD3D252,0x6B2CC0A9,0x6BD5676F,
	0x6D132762,0x6E885650,0x6F0C4BC7,0x6F0C6CE5,0x6F65D5A6,
	0x721AE0E8,0x73227CCF,0x740FF6EF,0x743E05AF,0x74BE6960,
	0x752085DD,0x7521E166,0x75532A29,0x75C9322B,0x76B0A6F5,
	0x7777B0C1,0x778E9BFD,0x77DA7D9C,0x78FE1971,0x7904E5B7,
	0x794EC5C4,0x797DC128,0x79B964B6,0x7A151DE0,0x7A23022D,
	0x7B707740,0x7B79F54C,0x7C76451B,0x7C7C2EFE,0x7D1789FD,
	0x7D7BAFDC,0x7D908AE9,0x7D9A77DF,0x7E246698,0x7EBC5E47,
	0x7EC8B729,0x80CD6B5A,0x813159A2,0x837B8313,0x83CCD4C1,
	0x850B0C4A,0x8538B751,0x8552CC77,0x85BD58B6,0x85FDECC5,
	0x864B0AF6,0x86581B7F,0x86882A43,0x86D46983,0x8723AC4E,
	0x87990075,0x87B54272,0x87FA631B,0x8810CDB1,0x8821F03E,
	0x8890E971,0x88BA884E,0x8933A04A,0x89521184,0x8B835D9F,
	0x8B94104B,0x8BF6F523,0x8C3D6FB6,0x8D95FBFA,0x8DD16589,
	0x8E2E2C24,0x8EA12D10,0x8F4E75DC,0x8F5D9B65,0x9056C12F,
	0x90F056C5,0x912818ED,0x9133727B,0x91DDE14B,0x9232052D,
	0x930E3CA6,0x934C9A46,0x93D1A9D7,0x93F369B8,0x9498B800,
	0x95A2D4FB,0x95CB499D,0x9693EDCA,0x9712F02E,0x977FFC3B,
	0x97981CDA,0x97BC6EBA,0x98532743,0x98DDC08A,0x9912FF4D,
	0x992BF8F0,0x9AEEB297,0x9AFD2CD3,0x9B7D283D,0x9CC48CAB,
	0x9CFB8DCF,0x9D3B2AB4,0x9DD9B4D6,0x9E54F18E,0x9F2ACC38,
	0x9FC0F915,0x9FFD009C,0xA064A192,0xA0DF880F,0xA1A73FF8,
	0xA1B5853C,0xA1ECED59,0xA1EE831E,0xA21A53FC,0xA272120B,
	0xA2956331,0xA2BFC799,0xA2F3029D,0xA3AE0DA8,0xA3F217FC,
	0xA48CB6C3,0xA60C1F32,0xA6E2383B,0xA70FA021,0xA7502A86,
	0xA8451EBA,0xA95CA5D2,0xAA94BFB1,0xAA9FC8E8,0xAAE56499,
	0xAC3A822A,0xACB47E9C,0xACE52016,0xAD35DACA,0xADB96955,
	0xADD72ED0,0xAE16090B,0xAF2F5952,0xAF72CF23,0xB00853BD,
	0xB132DE81,0xB268DDF4,0xB2CE42D1,0xB393E04A,0xB3CAADE5,
	0xB3D51DAF,0xB442BB9F,0xB4690128,0xB4AFB686,0xB4DE9366,
	0xB548B8C1,0xB57831D8,0xB57ADB2F,0xB5938042,0xB594A7E0,
	0xB6AB5B00,0xB7FAAE60,0xB839084B,0xB99EF676,0xBA4EC7B7,
	0xBB598D3C,0xBC0424E7,0xBCDC0E9B,0xBCDE3A5E,0xBD56A1F9,
	0xBE2D7333,0xBE4A2649,0xBF53D1C9,0xBFD78E61,0xC076014A,
	0xC0CDF544,0xC15DB8C0,0xC1B7F3AD,0xC205754D,0xC2BAC17D,
	0xC2BDC3E6,0xC31AD465,0xC48AE64A,0xC59206D9,0xC6157FD7,
	0xC6F83799,0xC75A23CF,0xC791CBDA,0xC7AC7F92,0xC7D862CA,
	0xC8300C7F,0xC8C77F38,0xC8E52853,0xC92DA59A,0xC9FEA8E0,
	0xCA050AAA,0xCA5EBD08,0xCA722D3A,0xCAB86948,0xCAC1CA6B,
	0xCBA384F0,0xCC44030F,0xCCE237C6,0xCCF20E80,0xCD8E29CE,
	0xCE97ACFA,0xCED1DE45,0xCF08455C,0xCF51D4A8,0xD0271194,
	0xD08C5AAF,0xD1F21AC0,0xD28CA7DE,0xD458671B,0xD4B8063C,
	0xD4E29B07,0xD539214E,0xD5D22C02,0xD5E61C05,0xD5F1688D,
	0xD60B7C2E,0xD657E8B7,0xD68BA6CC,0xD76B07F5,0xD7F519A8,
	0xD9406F37,0xD9D0D1A3,0xDA14DFCD,0xDA6130E1,0xDB24A78B,
	0xDB262F6E,0xDCCA957A,0xDE1F0A90,0xDE9B5219,0xDF4A0DD2,
	0xDF5D7F5C,0xDFEDE727,0xE044A156,0xE05CED98,0xE070B227,
	0xE0FB77FB,0xE150F387,0xE154252F,0xE1A9D31E,0xE1E42E4F,
	0xE1FEB8B4,0xE245FE22,0xE2FBA2C3,0xE3F9C851,0xE4053258,
	0xE508E276,0xE59DDA36,0xE5C519FC,0xE60889BE,0xE6362043,
	0xE75EC599,0xE7934B45,0xE7CE7B40,0xE7D17957,0xE7EB51EF,
	0xE8480A26,0xE86EEEDF,0xE89BA14E,0xE8BD99CB,0xE8BE1BA8,
	0xE92492EA,0xE929419F,0xED019622,0xED8351A6,0xED990388,
	0xED9D17E4,0xEE65B8B0,0xEECB893A,0xEEF0AB1B,0xEF1C74C1,
	0xF00C1C1F,0xF1BF3F2A,0xF30C75E3,0xF42C3FBB,0xF5FFBA71,
	0xF804B6A4,0xF81BF250,0xF841268A,0xF856D334,0xF8716430,
	0xF89CE815,0xF8B799BD,0xF9B93413,0xF9ECEFF8,0xFAC1BBD2,
	0xFB5A46CB,0xFB8084E6,0xFBD57605,0xFC7D721C,0xFE03E900,
	0xFE38E6F8,0xFF212F27,0xFF37BA8E,0xFFDD24F8,
};
static const int g_clothingCount = sizeof(g_clothingHashes) / sizeof(g_clothingHashes[0]);
